yyyymm	yyyymm2	av	hi
1957/1/1	1957/1/10	17.2	23.7
1957/1/11	1957/1/20	17.3	24.3
1957/1/21	1957/1/31	16.7	23.8
1957/2/1	1957/2/10	16.8	22.4
1957/2/11	1957/2/20	13.9	20.6
1957/2/21	1957/2/28	16.3	23.1
1957/3/1	1957/3/10	17.1	23.1
1957/3/11	1957/3/20	16.5	23.6
1957/3/21	1957/3/31	16.8	23.6
1957/4/1	1957/4/10	18.9	25.1
1957/4/11	1957/4/20	21.1	28.7
1957/4/21	1957/4/30	24.2	28.6
1957/5/1	1957/5/10	24.3	29.5
1957/5/11	1957/5/20	23.3	29.3
1957/5/21	1957/5/31	23.8	28.5
1957/6/1	1957/6/10	23	28.7
1957/6/11	1957/6/20	25.1	29.4
1957/6/21	1957/6/30	27	30.7
1957/7/1	1957/7/10	28.3	32.8
1957/7/11	1957/7/20	29	32.9
1957/7/21	1957/7/31	29.2	33.3
1957/8/1	1957/8/10	27.8	32.3
1957/8/11	1957/8/20	28.2	31.8
1957/8/21	1957/8/31	27.8	31.7
1957/9/1	1957/9/10	27	30.2
1957/9/11	1957/9/20	27.1	31
1957/9/21	1957/9/30	26.7	31.4
1957/10/1	1957/10/10	23.5	28.6
1957/10/11	1957/10/20	23.3	29.8
1957/10/21	1957/10/31	22.7	27.8
1957/11/1	1957/11/10	21.1	27.1
1957/11/11	1957/11/20	21.6	29.2
1957/11/21	1957/11/30	20.7	25.8
1957/12/1	1957/12/10	19.5	23.1
1957/12/11	1957/12/20	17.7	23.8
1957/12/21	1957/12/31	17	23.6
1958/1/1	1958/1/10	16.7	23.4
1958/1/11	1958/1/20	16.6	25.8
1958/1/21	1958/1/31	15.7	22.8
1958/2/1	1958/2/10	16.9	21.1
1958/2/11	1958/2/20	14	18.6
1958/2/21	1958/2/28	18.1	24.3
1958/3/1	1958/3/10	15.6	23.5
1958/3/11	1958/3/20	19.9	25
1958/3/21	1958/3/31	17.9	25.9
1958/4/1	1958/4/10	20.6	26.7
1958/4/11	1958/4/20	20.6	26.9
1958/4/21	1958/4/30	24.5	29.1
1958/5/1	1958/5/10	24.6	29.4
1958/5/11	1958/5/20	23.3	28.6
1958/5/21	1958/5/31	22.4	27.2
1958/6/1	1958/6/10	24.4	30.7
1958/6/11	1958/6/20	23.8	29.8
1958/6/21	1958/6/30	25.9	30.6
1958/7/1	1958/7/10	27.5	31.5
1958/7/11	1958/7/20	27.8	31.6
1958/7/21	1958/7/31	27.6	31.7
1958/8/1	1958/8/10	27.9	32
1958/8/11	1958/8/20	28.6	32.6
1958/8/21	1958/8/31	28.5	32.3
1958/9/1	1958/9/10	28.5	32.6
1958/9/11	1958/9/20	27.7	31.4
1958/9/21	1958/9/30	25.9	31
1958/10/1	1958/10/10	25.3	30
1958/10/11	1958/10/20	25	30.4
1958/10/21	1958/10/31	22.6	27.8
1958/11/1	1958/11/10	22.8	26.8
1958/11/11	1958/11/20	21.1	26.9
1958/11/21	1958/11/30	19.3	23
1958/12/1	1958/12/10	19	24
1958/12/11	1958/12/20	19.6	23.6
1958/12/21	1958/12/31	17.8	24.5
1959/1/1	1959/1/10	16.2	22.7
1959/1/11	1959/1/20	12.9	18.9
1959/1/21	1959/1/31	17.2	24.9
1959/2/1	1959/2/10	19	24.4
1959/2/11	1959/2/20	19.8	25.6
1959/2/21	1959/2/28	18.5	22.3
1959/3/1	1959/3/10	19.7	26
1959/3/11	1959/3/20	17	22.1
1959/3/21	1959/3/31	20.1	25.2
1959/4/1	1959/4/10	20.3	25.5
1959/4/11	1959/4/20	20	26.1
1959/4/21	1959/4/30	20.6	26.8
1959/5/1	1959/5/10	24.2	29.5
1959/5/11	1959/5/20	23.5	29
1959/5/21	1959/5/31	23.6	29.3
1959/6/1	1959/6/10	25.2	29.4
1959/6/11	1959/6/20	26.5	30.1
1959/6/21	1959/6/30	26	30.3
1959/7/1	1959/7/10	28.7	32.2
1959/7/11	1959/7/20	28.5	32
1959/7/21	1959/7/31	28.4	31.6
1959/8/1	1959/8/10	27.6	31.9
1959/8/11	1959/8/20	27.4	31.5
1959/8/21	1959/8/31	28.5	31.8
1959/9/1	1959/9/10	28.3	31.9
1959/9/11	1959/9/20	27.7	32.4
1959/9/21	1959/9/30	25.9	29.8
1959/10/1	1959/10/10	25.2	28.8
1959/10/11	1959/10/20	23.7	28.4
1959/10/21	1959/10/31	23.1	26.8
1959/11/1	1959/11/10	23.7	28.8
1959/11/11	1959/11/20	22.1	26.4
1959/11/21	1959/11/30	19.9	26.4
1959/12/1	1959/12/10	19.9	26.4
1959/12/11	1959/12/20	19.7	25.5
1959/12/21	1959/12/31	17.9	22.4
1960/1/1	1960/1/10	16.9	23.4
1960/1/11	1960/1/20	17.9	24.2
1960/1/21	1960/1/31	15	21.5
1960/2/1	1960/2/10	16.7	23.1
1960/2/11	1960/2/20	16.2	22.2
1960/2/21	1960/2/29	17.9	24.4
1960/3/1	1960/3/10	22.4	26.9
1960/3/11	1960/3/20	18.5	24.2
1960/3/21	1960/3/31	18.9	25.4
1960/4/1	1960/4/10	18.4	25.3
1960/4/11	1960/4/20	20.5	27
1960/4/21	1960/4/30	21.9	27
1960/5/1	1960/5/10	23.6	28.9
1960/5/11	1960/5/20	23.8	29.5
1960/5/21	1960/5/31	22.1	28.4
1960/6/1	1960/6/10	24.7	28.2
1960/6/11	1960/6/20	25.2	29.1
1960/6/21	1960/6/30	28	31.6
1960/7/1	1960/7/10	28.8	32.1
1960/7/11	1960/7/20	28.7	32.4
1960/7/21	1960/7/31	27.6	31.2
1960/8/1	1960/8/10	27.7	31.4
1960/8/11	1960/8/20	27.3	30.6
1960/8/21	1960/8/31	27.1	30.5
1960/9/1	1960/9/10	27.4	31.2
1960/9/11	1960/9/20	27.4	31.6
1960/9/21	1960/9/30	27.3	30.6
1960/10/1	1960/10/10	26.2	30.4
1960/10/11	1960/10/20	25.1	28.9
1960/10/21	1960/10/31	22.9	27.9
1960/11/1	1960/11/10	22.1	27.5
1960/11/11	1960/11/20	21.8	25.8
1960/11/21	1960/11/30	21.5	27.4
1960/12/1	1960/12/10	18	23.3
1960/12/11	1960/12/20	18.2	22.9
1960/12/21	1960/12/31	16.1	22.3
1961/1/1	1961/1/10	16.9	23.9
1961/1/11	1961/1/20	14	19.2
1961/1/21	1961/1/31	15.7	23.2
1961/2/1	1961/2/10	14.9	22.7
1961/2/11	1961/2/20	15.1	22
1961/2/21	1961/2/28	15.9	21.1
1961/3/1	1961/3/10	18.2	24.6
1961/3/11	1961/3/20	19.8	25.5
1961/3/21	1961/3/31	17.7	23.2
1961/4/1	1961/4/10	20.2	25.8
1961/4/11	1961/4/20	20.6	26.5
1961/4/21	1961/4/30	21.6	25.5
1961/5/1	1961/5/10	22.4	28.1
1961/5/11	1961/5/20	25.2	29.8
1961/5/21	1961/5/31	24.9	29.2
1961/6/1	1961/6/10	27.3	30.9
1961/6/11	1961/6/20	27.8	31
1961/6/21	1961/6/30	27.5	31.1
1961/7/1	1961/7/10	28.3	32.1
1961/7/11	1961/7/20	28.9	32.8
1961/7/21	1961/7/31	27.1	31.4
1961/8/1	1961/8/10	28	31.9
1961/8/11	1961/8/20	28.3	31.9
1961/8/21	1961/8/31	28.3	31.8
1961/9/1	1961/9/10	28.7	32.4
1961/9/11	1961/9/20	27.1	31
1961/9/21	1961/9/30	27.5	30.7
1961/10/1	1961/10/10	25.9	30.5
1961/10/11	1961/10/20	25.1	29.1
1961/10/21	1961/10/31	24.1	28.9
1961/11/1	1961/11/10	22.3	28.2
1961/11/11	1961/11/20	23.1	27.8
1961/11/21	1961/11/30	20.6	26.8
1961/12/1	1961/12/10	18.2	22.6
1961/12/11	1961/12/20	20	24.4
1961/12/21	1961/12/31	16.2	22.3
1962/1/1	1962/1/10	15.7	20.1
1962/1/11	1962/1/20	15.5	21.1
1962/1/21	1962/1/31	12.2	16.4
1962/2/1	1962/2/10	16.1	24.5
1962/2/11	1962/2/20	15	24.4
1962/2/21	1962/2/28	18.2	24.3
1962/3/1	1962/3/10	16.9	24.5
1962/3/11	1962/3/20	19.2	24.2
1962/3/21	1962/3/31	15.1	20.6
1962/4/1	1962/4/10	18.9	24.9
1962/4/11	1962/4/20	18.4	23.2
1962/4/21	1962/4/30	19.9	26.2
1962/5/1	1962/5/10	22.8	27.4
1962/5/11	1962/5/20	24.9	29
1962/5/21	1962/5/31	24.1	28.7
1962/6/1	1962/6/10	25.6	30.1
1962/6/11	1962/6/20	26.9	31.1
1962/6/21	1962/6/30	27	30.7
1962/7/1	1962/7/10	28	32.3
1962/7/11	1962/7/20	28	32.6
1962/7/21	1962/7/31	28.8	32.8
1962/8/1	1962/8/10	27.9	31.7
1962/8/11	1962/8/20	27.8	31.7
1962/8/21	1962/8/31	27.9	32.3
1962/9/1	1962/9/10	28.4	32.4
1962/9/11	1962/9/20	27.6	33
1962/9/21	1962/9/30	27	32.2
1962/10/1	1962/10/10	26.7	30.7
1962/10/11	1962/10/20	24.4	31.3
1962/10/21	1962/10/31	22.8	26.1
1962/11/1	1962/11/10	21.9	28
1962/11/11	1962/11/20	22.8	27.2
1962/11/21	1962/11/30	19.3	25.9
1962/12/1	1962/12/10	17	21.5
1962/12/11	1962/12/20	18.7	25
1962/12/21	1962/12/31	17.5	23.2
1963/1/1	1963/1/10	13.1	18.7
1963/1/11	1963/1/20	12.6	18.5
1963/1/21	1963/1/31	11.5	16.2
1963/2/1	1963/2/10	13.1	22.4
1963/2/11	1963/2/20	14.3	20.1
1963/2/21	1963/2/28	13.1	18
1963/3/1	1963/3/10	18.3	24.4
1963/3/11	1963/3/20	16.5	23.2
1963/3/21	1963/3/31	17.1	24.3
1963/4/1	1963/4/10	18.8	25.5
1963/4/11	1963/4/20	21.4	27.6
1963/4/21	1963/4/30	22.3	27.6
1963/5/1	1963/5/10	23.9	28.7
1963/5/11	1963/5/20	26.1	30.3
1963/5/21	1963/5/31	27	31.6
1963/6/1	1963/6/10	26.2	32
1963/6/11	1963/6/20	26.2	31.1
1963/6/21	1963/6/30	27	32.2
1963/7/1	1963/7/10	28.1	32.7
1963/7/11	1963/7/20	28.7	32.7
1963/7/21	1963/7/31	28.1	32.5
1963/8/1	1963/8/10	28.1	31.8
1963/8/11	1963/8/20	28.5	32.1
1963/8/21	1963/8/31	28.6	32.6
1963/9/1	1963/9/10	29.2	32.8
1963/9/11	1963/9/20	27.9	31.5
1963/9/21	1963/9/30	26.3	30.7
1963/10/1	1963/10/10	24.9	28.8
1963/10/11	1963/10/20	23.7	28.3
1963/10/21	1963/10/31	22.1	26.7
1963/11/1	1963/11/10	21.9	26.8
1963/11/11	1963/11/20	22.6	28.1
1963/11/21	1963/11/30	20.1	25.4
1963/12/1	1963/12/10	19.5	24.5
1963/12/11	1963/12/20	18.1	23.4
1963/12/21	1963/12/31	17.2	22.7
1964/1/1	1964/1/10	18.3	24.8
1964/1/11	1964/1/20	17.2	24.2
1964/1/21	1964/1/31	16.3	23.5
1964/2/1	1964/2/10	16.1	25.8
1964/2/11	1964/2/20	16.6	22.9
1964/2/21	1964/2/29	16.3	20.4
1964/3/1	1964/3/10	18.2	23.1
1964/3/11	1964/3/20	18.8	24.5
1964/3/21	1964/3/31	17.8	25.5
1964/4/1	1964/4/10	23.7	28.5
1964/4/11	1964/4/20	24.1	28.5
1964/4/21	1964/4/30	24.7	29.7
1964/5/1	1964/5/10	23.6	28.9
1964/5/11	1964/5/20	22.9	28.6
1964/5/21	1964/5/31	24.8	29.8
1964/6/1	1964/6/10	23	26.9
1964/6/11	1964/6/20	25.2	29.3
1964/6/21	1964/6/30	27.6	31.9
1964/7/1	1964/7/10	28.1	32.2
1964/7/11	1964/7/20	28.2	32.6
1964/7/21	1964/7/31	27.3	31.4
1964/8/1	1964/8/10	28	31.9
1964/8/11	1964/8/20	27.7	31.5
1964/8/21	1964/8/31	27.1	31
1964/9/1	1964/9/10	28.4	32.5
1964/9/11	1964/9/20	28.5	32.6
1964/9/21	1964/9/30	26.9	32.4
1964/10/1	1964/10/10	26.3	30.6
1964/10/11	1964/10/20	25.8	30.1
1964/10/21	1964/10/31	24.9	29.6
1964/11/1	1964/11/10	23.8	27.8
1964/11/11	1964/11/20	20	24.7
1964/11/21	1964/11/30	20.2	24.5
1964/12/1	1964/12/10	18.3	23.2
1964/12/11	1964/12/20	18.4	24.3
1964/12/21	1964/12/31	19.1	23.4
1965/1/1	1965/1/10	15.1	19.9
1965/1/11	1965/1/20	14.7	22.4
1965/1/21	1965/1/31	16.8	23.2
1965/2/1	1965/2/10	16.1	23.5
1965/2/11	1965/2/20	18.1	23.5
1965/2/21	1965/2/28	14.9	20.7
1965/3/1	1965/3/10	15.7	23.2
1965/3/11	1965/3/20	15.8	22.8
1965/3/21	1965/3/31	17.7	24
1965/4/1	1965/4/10	18.7	24
1965/4/11	1965/4/20	19.8	24.4
1965/4/21	1965/4/30	22.1	27.9
1965/5/1	1965/5/10	21.2	26.9
1965/5/11	1965/5/20	22.7	27.5
1965/5/21	1965/5/31	23.5	29
1965/6/1	1965/6/10	24.1	28.6
1965/6/11	1965/6/20	25.8	30.5
1965/6/21	1965/6/30	27.1	30.7
1965/7/1	1965/7/10	28.1	31.7
1965/7/11	1965/7/20	28.3	32.3
1965/7/21	1965/7/31	28.6	32.2
1965/8/1	1965/8/10	27.4	32.3
1965/8/11	1965/8/20	27.8	31.7
1965/8/21	1965/8/31	27.7	31.3
1965/9/1	1965/9/10	28	31.9
1965/9/11	1965/9/20	25.9	29.3
1965/9/21	1965/9/30	25.3	29.6
1965/10/1	1965/10/10	24.1	29
1965/10/11	1965/10/20	22.2	27.4
1965/10/21	1965/10/31	22.4	28.2
1965/11/1	1965/11/10	23.5	28.6
1965/11/11	1965/11/20	22.8	27.5
1965/11/21	1965/11/30	21	26.2
1965/12/1	1965/12/10	19.1	25.3
1965/12/11	1965/12/20	17.9	25.8
1965/12/21	1965/12/31	17.8	24.8
1966/1/1	1966/1/10	16.5	23.1
1966/1/11	1966/1/20	18.6	25.8
1966/1/21	1966/1/31	15.1	21.1
1966/2/1	1966/2/10	17.5	24.6
1966/2/11	1966/2/20	17.8	24.3
1966/2/21	1966/2/28	18.2	25.6
1966/3/1	1966/3/10	20.9	26.4
1966/3/11	1966/3/20	19.9	25.6
1966/3/21	1966/3/31	18.2	26
1966/4/1	1966/4/10	20.9	27.3
1966/4/11	1966/4/20	20.9	28.4
1966/4/21	1966/4/30	23.7	28.4
1966/5/1	1966/5/10	22.2	28.4
1966/5/11	1966/5/20	24	28.8
1966/5/21	1966/5/31	22.9	27.6
1966/6/1	1966/6/10	22.8	27.7
1966/6/11	1966/6/20	25.9	29.9
1966/6/21	1966/6/30	27.3	31.3
1966/7/1	1966/7/10	26.3	31.1
1966/7/11	1966/7/20	28.3	31.9
1966/7/21	1966/7/31	28.4	32.4
1966/8/1	1966/8/10	29.2	32.2
1966/8/11	1966/8/20	28.2	32.7
1966/8/21	1966/8/31	27.9	31.1
1966/9/1	1966/9/10	27.6	31
1966/9/11	1966/9/20	27.2	31.2
1966/9/21	1966/9/30	24.6	29.8
1966/10/1	1966/10/10	24.3	27.8
1966/10/11	1966/10/20	23	27.8
1966/10/21	1966/10/31	22.8	27.3
1966/11/1	1966/11/10	22.3	26.8
1966/11/11	1966/11/20	22.7	27.7
1966/11/21	1966/11/30	19.8	25.3
1966/12/1	1966/12/10	18.4	25.3
1966/12/11	1966/12/20	19.9	25
1966/12/21	1966/12/31	17.1	21.5
1967/1/1	1967/1/10	14.7	21.7
1967/1/11	1967/1/20	14.2	20.6
1967/1/21	1967/1/31	16.9	24.3
1967/2/1	1967/2/10	16.7	23.6
1967/2/11	1967/2/20	13.9	20.9
1967/2/21	1967/2/28	16.9	24.6
1967/3/1	1967/3/10	16.3	23.5
1967/3/11	1967/3/20	18	24.9
1967/3/21	1967/3/31	20.1	26.2
1967/4/1	1967/4/10	22.4	27.7
1967/4/11	1967/4/20	23.1	28.5
1967/4/21	1967/4/30	22	28.5
1967/5/1	1967/5/10	25.4	29.3
1967/5/11	1967/5/20	24.3	29.9
1967/5/21	1967/5/31	25.2	28.8
1967/6/1	1967/6/10	24.8	29.1
1967/6/11	1967/6/20	25.5	29.5
1967/6/21	1967/6/30	28.2	32.2
1967/7/1	1967/7/10	28.7	32.1
1967/7/11	1967/7/20	28.7	32.2
1967/7/21	1967/7/31	28.3	31.7
1967/8/1	1967/8/10	28.2	31.9
1967/8/11	1967/8/20	28.3	32.2
1967/8/21	1967/8/31	28.6	31.7
1967/9/1	1967/9/10	28.1	31.5
1967/9/11	1967/9/20	26.6	30.8
1967/9/21	1967/9/30	25.3	28.9
1967/10/1	1967/10/10	24.4	28.9
1967/10/11	1967/10/20	24.4	28.5
1967/10/21	1967/10/31	23	26.9
1967/11/1	1967/11/10	23.9	28
1967/11/11	1967/11/20	22.5	27.7
1967/11/21	1967/11/30	21.4	26.7
1967/12/1	1967/12/10	17.2	22.9
1967/12/11	1967/12/20	15.3	20.6
1967/12/21	1967/12/31	14.6	23.2
1968/1/1	1968/1/10	15.6	23.3
1968/1/11	1968/1/20	15.2	22.3
1968/1/21	1968/1/31	15.5	22.4
1968/2/1	1968/2/10	12.8	16.1
1968/2/11	1968/2/20	14.1	20.4
1968/2/21	1968/2/29	13.5	22.1
1968/3/1	1968/3/10	15.2	23.6
1968/3/11	1968/3/20	17.1	23.2
1968/3/21	1968/3/31	18.8	23
1968/4/1	1968/4/10	20	25.2
1968/4/11	1968/4/20	19.7	25.4
1968/4/21	1968/4/30	19.7	24.2
1968/5/1	1968/5/10	22.5	27
1968/5/11	1968/5/20	23.2	27.9
1968/5/21	1968/5/31	23.6	28.9
1968/6/1	1968/6/10	22.9	27.2
1968/6/11	1968/6/20	25.5	29.2
1968/6/21	1968/6/30	26.5	31.2
1968/7/1	1968/7/10	28.1	31
1968/7/11	1968/7/20	28.5	32.4
1968/7/21	1968/7/31	28.4	32
1968/8/1	1968/8/10	28.7	32.2
1968/8/11	1968/8/20	28.1	32.1
1968/8/21	1968/8/31	27.5	31.4
1968/9/1	1968/9/10	27.4	30.9
1968/9/11	1968/9/20	27	30.6
1968/9/21	1968/9/30	26.6	30.8
1968/10/1	1968/10/10	26.1	30.2
1968/10/11	1968/10/20	24.2	28.9
1968/10/21	1968/10/31	21.4	25.9
1968/11/1	1968/11/10	21.2	27
1968/11/11	1968/11/20	19.5	25.1
1968/11/21	1968/11/30	21.4	25.2
1968/12/1	1968/12/10	21.6	25.7
1968/12/11	1968/12/20	18.1	24.7
1968/12/21	1968/12/31	18.3	24.7
1969/1/1	1969/1/10	15.4	23.9
1969/1/11	1969/1/20	17.8	24.8
1969/1/21	1969/1/31	21.4	26.2
1969/2/1	1969/2/10	15.1	21.8
1969/2/11	1969/2/20	20.3	25.7
1969/2/21	1969/2/28	18	24.3
1969/3/1	1969/3/10	18.5	24
1969/3/11	1969/3/20	16.7	26.4
1969/3/21	1969/3/31	19.3	25.5
1969/4/1	1969/4/10	18.8	25.4
1969/4/11	1969/4/20	22.2	27.2
1969/4/21	1969/4/30	24	28.4
1969/5/1	1969/5/10	24.4	29
1969/5/11	1969/5/20	25.3	29.3
1969/5/21	1969/5/31	23.4	27.3
1969/6/1	1969/6/10	23.3	28.8
1969/6/11	1969/6/20	24.6	29.3
1969/6/21	1969/6/30	25.6	30.5
1969/7/1	1969/7/10	28.3	31.1
1969/7/11	1969/7/20	28.5	32.7
1969/7/21	1969/7/31	28.7	32
1969/8/1	1969/8/10	28.5	32.5
1969/8/11	1969/8/20	28	32.4
1969/8/21	1969/8/31	27.9	31.2
1969/9/1	1969/9/10	28.1	31.3
1969/9/11	1969/9/20	28.6	32.1
1969/9/21	1969/9/30	27.9	31.3
1969/10/1	1969/10/10	25.3	30.3
1969/10/11	1969/10/20	24.2	28.1
1969/10/21	1969/10/31	23.3	28.2
1969/11/1	1969/11/10	21.7	26.8
1969/11/11	1969/11/20	21.5	27.9
1969/11/21	1969/11/30	18.7	23.3
1969/12/1	1969/12/10	18	26.1
1969/12/11	1969/12/20	16.3	22
1969/12/21	1969/12/31	17.3	23.4
1970/1/1	1970/1/10	16	21.6
1970/1/11	1970/1/20	13.4	19.5
1970/1/21	1970/1/31	15.8	21.3
1970/2/1	1970/2/10	14.7	22.1
1970/2/11	1970/2/20	16.8	23.2
1970/2/21	1970/2/28	20	26.2
1970/3/1	1970/3/10	15.6	21.9
1970/3/11	1970/3/20	15.9	21.4
1970/3/21	1970/3/31	18	24.9
1970/4/1	1970/4/10	19	26.4
1970/4/11	1970/4/20	20.4	26
1970/4/21	1970/4/30	19.9	24.2
1970/5/1	1970/5/10	24.1	28.6
1970/5/11	1970/5/20	22.1	26.9
1970/5/21	1970/5/31	25.3	30.4
1970/6/1	1970/6/10	23.8	28.8
1970/6/11	1970/6/20	26.2	30.6
1970/6/21	1970/6/30	28.4	32.2
1970/7/1	1970/7/10	27	31.4
1970/7/11	1970/7/20	28.7	31.6
1970/7/21	1970/7/31	28.8	32.2
1970/8/1	1970/8/10	29.1	32.5
1970/8/11	1970/8/20	28	31.6
1970/8/21	1970/8/31	28.2	32
1970/9/1	1970/9/10	27.9	31.4
1970/9/11	1970/9/20	27.9	31.4
1970/9/21	1970/9/30	27.3	31.9
1970/10/1	1970/10/10	26.2	30.7
1970/10/11	1970/10/20	26.3	30.1
1970/10/21	1970/10/31	23.7	28.8
1970/11/1	1970/11/10	21.9	26.1
1970/11/11	1970/11/20	21.3	25.4
1970/11/21	1970/11/30	20.6	26.7
1970/12/1	1970/12/10	17.6	25.5
1970/12/11	1970/12/20	18.9	23.2
1970/12/21	1970/12/31	18.5	24.5
1971/1/1	1971/1/10	13.7	18.8
1971/1/11	1971/1/20	16.4	21.2
1971/1/21	1971/1/31	12.6	16.7
1971/2/1	1971/2/10	12.1	16.4
1971/2/11	1971/2/20	17	23.7
1971/2/21	1971/2/28	18.6	23.7
1971/3/1	1971/3/10	16.4	24.3
1971/3/11	1971/3/20	16.1	21.6
1971/3/21	1971/3/31	19.1	25.3
1971/4/1	1971/4/10	21	26.2
1971/4/11	1971/4/20	20.6	24.4
1971/4/21	1971/4/30	21.4	26.2
1971/5/1	1971/5/10	21.6	27
1971/5/11	1971/5/20	22.8	27.6
1971/5/21	1971/5/31	25.8	31
1971/6/1	1971/6/10	26.8	31.1
1971/6/11	1971/6/20	28.4	32.1
1971/6/21	1971/6/30	29.4	33.7
1971/7/1	1971/7/10	29.8	33.8
1971/7/11	1971/7/20	29.6	33.7
1971/7/21	1971/7/31	29.1	33.1
1971/8/1	1971/8/10	27.7	31.8
1971/8/11	1971/8/20	28.1	31.7
1971/8/21	1971/8/31	28.4	31.9
1971/9/1	1971/9/10	27.6	31.6
1971/9/11	1971/9/20	27.5	30.9
1971/9/21	1971/9/30	26.9	30.7
1971/10/1	1971/10/10	26.5	30.6
1971/10/11	1971/10/20	23.7	28.4
1971/10/21	1971/10/31	22.8	28.5
1971/11/1	1971/11/10	22	26.6
1971/11/11	1971/11/20	21.6	26.1
1971/11/21	1971/11/30	19.5	25.3
1971/12/1	1971/12/10	17.5	22.4
1971/12/11	1971/12/20	18.6	24.6
1971/12/21	1971/12/31	19	25.4
1972/1/1	1972/1/10	19.2	23.4
1972/1/11	1972/1/20	17.1	22
1972/1/21	1972/1/31	18.4	25.4
1972/2/1	1972/2/10	17.9	24
1972/2/11	1972/2/20	17.5	23.3
1972/2/21	1972/2/29	15.8	21.6
1972/3/1	1972/3/10	14.9	22.6
1972/3/11	1972/3/20	18.6	25.4
1972/3/21	1972/3/31	19.6	25.5
1972/4/1	1972/4/10	18.3	24
1972/4/11	1972/4/20	21.5	28
1972/4/21	1972/4/30	22.4	27.8
1972/5/1	1972/5/10	25.1	30
1972/5/11	1972/5/20	23.7	29
1972/5/21	1972/5/31	24.1	30
1972/6/1	1972/6/10	25.3	30.2
1972/6/11	1972/6/20	27	31
1972/6/21	1972/6/30	28.5	32.6
1972/7/1	1972/7/10	28.9	32.7
1972/7/11	1972/7/20	28.5	32.3
1972/7/21	1972/7/31	26.3	30.1
1972/8/1	1972/8/10	27.6	31.4
1972/8/11	1972/8/20	27.3	31.3
1972/8/21	1972/8/31	27.5	31.2
1972/9/1	1972/9/10	28	32
1972/9/11	1972/9/20	26.9	32.6
1972/9/21	1972/9/30	24.4	29.7
1972/10/1	1972/10/10	24.3	28.9
1972/10/11	1972/10/20	24.6	29.4
1972/10/21	1972/10/31	23.4	28.8
1972/11/1	1972/11/10	24.4	29.3
1972/11/11	1972/11/20	22.8	29
1972/11/21	1972/11/30	17.9	22.5
1972/12/1	1972/12/10	19.8	26.9
1972/12/11	1972/12/20	18.4	24.6
1972/12/21	1972/12/31	19.1	23.9
1973/1/1	1973/1/10	17.4	23.2
1973/1/11	1973/1/20	17	23.9
1973/1/21	1973/1/31	16.5	22.8
1973/2/1	1973/2/10	17.5	23
1973/2/11	1973/2/20	18.6	25
1973/2/21	1973/2/28	18.9	25.1
1973/3/1	1973/3/10	17.6	24.2
1973/3/11	1973/3/20	18	24.3
1973/3/21	1973/3/31	19.2	25.4
1973/4/1	1973/4/10	20.5	25.4
1973/4/11	1973/4/20	22.2	28.3
1973/4/21	1973/4/30	24.3	29.1
1973/5/1	1973/5/10	23.5	28.5
1973/5/11	1973/5/20	22.6	28.9
1973/5/21	1973/5/31	23.7	29
1973/6/1	1973/6/10	23.2	28.9
1973/6/11	1973/6/20	25.8	29.8
1973/6/21	1973/6/30	27.7	31.1
1973/7/1	1973/7/10	26.9	30.9
1973/7/11	1973/7/20	26.9	31
1973/7/21	1973/7/31	27.9	31.8
1973/8/1	1973/8/10	27.7	31.7
1973/8/11	1973/8/20	27.2	31.7
1973/8/21	1973/8/31	26.9	30.7
1973/9/1	1973/9/10	26.9	31.5
1973/9/11	1973/9/20	27	30.9
1973/9/21	1973/9/30	25.6	29.6
1973/10/1	1973/10/10	26.5	30.3
1973/10/11	1973/10/20	24.4	30
1973/10/21	1973/10/31	22.7	27.4
1973/11/1	1973/11/10	21.9	25.9
1973/11/11	1973/11/20	18.9	24.2
1973/11/21	1973/11/30	19.2	24
1973/12/1	1973/12/10	16.8	22.1
1973/12/11	1973/12/20	16.7	20.9
1973/12/21	1973/12/31	14.3	22.4
1974/1/1	1974/1/10	15.9	20.1
1974/1/11	1974/1/20	15.7	20.4
1974/1/21	1974/1/31	16.3	22.7
1974/2/1	1974/2/10	15.8	23.3
1974/2/11	1974/2/20	17.1	23.8
1974/2/21	1974/2/28	14.8	23.1
1974/3/1	1974/3/10	18.6	24.7
1974/3/11	1974/3/20	15.5	21.6
1974/3/21	1974/3/31	18.2	24.4
1974/4/1	1974/4/10	18.8	26.2
1974/4/11	1974/4/20	21.8	27.2
1974/4/21	1974/4/30	20.5	27.8
1974/5/1	1974/5/10	22.8	27.6
1974/5/11	1974/5/20	24.4	29.2
1974/5/21	1974/5/31	23.8	28.9
1974/6/1	1974/6/10	24	28.7
1974/6/11	1974/6/20	26.6	30.8
1974/6/21	1974/6/30	25.8	29.9
1974/7/1	1974/7/10	26.5	30.3
1974/7/11	1974/7/20	28	31.9
1974/7/21	1974/7/31	27.4	31.5
1974/8/1	1974/8/10	28.2	31.8
1974/8/11	1974/8/20	28.5	31.9
1974/8/21	1974/8/31	27	31.9
1974/9/1	1974/9/10	26.2	29.9
1974/9/11	1974/9/20	25.7	30.3
1974/9/21	1974/9/30	26.2	30.6
1974/10/1	1974/10/10	26.1	29.8
1974/10/11	1974/10/20	25.2	29.8
1974/10/21	1974/10/31	24.2	29.6
1974/11/1	1974/11/10	23.6	28.7
1974/11/11	1974/11/20	20.8	27.1
1974/11/21	1974/11/30	20	25
1974/12/1	1974/12/10	20.3	26.4
1974/12/11	1974/12/20	18.5	23.7
1974/12/21	1974/12/31	18.8	25.5
1975/1/1	1975/1/10	17.1	24.6
1975/1/11	1975/1/20	14.4	19.6
1975/1/21	1975/1/31	16.6	22.2
1975/2/1	1975/2/10	19	25.2
1975/2/11	1975/2/20	14.8	21.9
1975/2/21	1975/2/28	14.5	22.9
1975/3/1	1975/3/10	17.7	23.1
1975/3/11	1975/3/20	17.4	23.7
1975/3/21	1975/3/31	16	23.1
1975/4/1	1975/4/10	18.1	24.8
1975/4/11	1975/4/20	23.9	27.9
1975/4/21	1975/4/30	22.9	28.4
1975/5/1	1975/5/10	22.9	28.7
1975/5/11	1975/5/20	23.9	28.8
1975/5/21	1975/5/31	22.7	26.9
1975/6/1	1975/6/10	24.6	29.4
1975/6/11	1975/6/20	25.1	30.7
1975/6/21	1975/6/30	27.4	30.8
1975/7/1	1975/7/10	27	31
1975/7/11	1975/7/20	27.9	31.4
1975/7/21	1975/7/31	27.7	31.8
1975/8/1	1975/8/10	27.8	31.1
1975/8/11	1975/8/20	27.2	30.7
1975/8/21	1975/8/31	26.8	30.5
1975/9/1	1975/9/10	26.8	30.7
1975/9/11	1975/9/20	27.8	31.3
1975/9/21	1975/9/30	27.2	31.9
1975/10/1	1975/10/10	26.3	30.5
1975/10/11	1975/10/20	25.8	30.1
1975/10/21	1975/10/31	24.8	28.8
1975/11/1	1975/11/10	23.4	27.3
1975/11/11	1975/11/20	22.4	27
1975/11/21	1975/11/30	18.7	23.8
1975/12/1	1975/12/10	21	25.7
1975/12/11	1975/12/20	15.4	20
1975/12/21	1975/12/31	15.5	20.3
1976/1/1	1976/1/10	15.5	21
1976/1/11	1976/1/20	14.8	20
1976/1/21	1976/1/31	14.4	21.2
1976/2/1	1976/2/10	15.8	21.3
1976/2/11	1976/2/20	19.6	25.4
1976/2/21	1976/2/29	18	24.9
1976/3/1	1976/3/10	17.2	25.3
1976/3/11	1976/3/20	19.2	25.7
1976/3/21	1976/3/31	17.5	25
1976/4/1	1976/4/10	19	25.9
1976/4/11	1976/4/20	22.6	27.6
1976/4/21	1976/4/30	23.9	28.2
1976/5/1	1976/5/10	21.9	29.1
1976/5/11	1976/5/20	23.9	29.4
1976/5/21	1976/5/31	25.7	29.3
1976/6/1	1976/6/10	26.8	30.1
1976/6/11	1976/6/20	24.7	30.3
1976/6/21	1976/6/30	27.2	31.4
1976/7/1	1976/7/10	25.6	29.5
1976/7/11	1976/7/20	27.1	30.8
1976/7/21	1976/7/31	26.8	31.4
1976/8/1	1976/8/10	27.6	31.5
1976/8/11	1976/8/20	28	32.4
1976/8/21	1976/8/31	27.7	31.2
1976/9/1	1976/9/10	27.3	31.3
1976/9/11	1976/9/20	25.9	29.2
1976/9/21	1976/9/30	24.6	29.8
1976/10/1	1976/10/10	24.7	28.8
1976/10/11	1976/10/20	23.6	28.2
1976/10/21	1976/10/31	22.7	27.5
1976/11/1	1976/11/10	23.2	27
1976/11/11	1976/11/20	20.3	26
1976/11/21	1976/11/30	16.9	21.1
1976/12/1	1976/12/10	18.5	23.9
1976/12/11	1976/12/20	18.3	26.1
1976/12/21	1976/12/31	16.6	26
1977/1/1	1977/1/10	16.1	21.8
1977/1/11	1977/1/20	16	23
1977/1/21	1977/1/31	15.5	22.8
1977/2/1	1977/2/10	14	22.7
1977/2/11	1977/2/20	13.9	22.8
1977/2/21	1977/2/28	17.3	24.2
1977/3/1	1977/3/10	16.8	23.6
1977/3/11	1977/3/20	20.6	25.5
1977/3/21	1977/3/31	19.3	25.4
1977/4/1	1977/4/10	20.7	26.6
1977/4/11	1977/4/20	21.9	28.4
1977/4/21	1977/4/30	22.4	27.8
1977/5/1	1977/5/10	25	29.6
1977/5/11	1977/5/20	24	29.7
1977/5/21	1977/5/31	24.6	29.8
1977/6/1	1977/6/10	25.7	29.7
1977/6/11	1977/6/20	26.7	30.6
1977/6/21	1977/6/30	26.7	30.8
1977/7/1	1977/7/10	28.5	32.2
1977/7/11	1977/7/20	29.1	32.5
1977/7/21	1977/7/31	28	32
1977/8/1	1977/8/10	28.6	32.4
1977/8/11	1977/8/20	28.7	32.1
1977/8/21	1977/8/31	27.3	31
1977/9/1	1977/9/10	27.9	33
1977/9/11	1977/9/20	27.1	30.9
1977/9/21	1977/9/30	27.2	30.9
1977/10/1	1977/10/10	26.1	29.9
1977/10/11	1977/10/20	24.8	29
1977/10/21	1977/10/31	24.4	27.6
1977/11/1	1977/11/10	23.3	28.2
1977/11/11	1977/11/20	21.8	27.3
1977/11/21	1977/11/30	19.1	23.2
1977/12/1	1977/12/10	18.7	23.1
1977/12/11	1977/12/20	19.9	25.6
1977/12/21	1977/12/31	18.5	24.5
1978/1/1	1978/1/10	15.1	22.3
1978/1/11	1978/1/20	16.7	23.5
1978/1/21	1978/1/31	16	23
1978/2/1	1978/2/10	16.8	25
1978/2/11	1978/2/20	14	20.9
1978/2/21	1978/2/28	15.7	23.3
1978/3/1	1978/3/10	17.5	22.8
1978/3/11	1978/3/20	15.8	21.8
1978/3/21	1978/3/31	18.4	24.9
1978/4/1	1978/4/10	18.4	23.7
1978/4/11	1978/4/20	22	27
1978/4/21	1978/4/30	21.6	26.9
1978/5/1	1978/5/10	24.3	29
1978/5/11	1978/5/20	22.2	28.1
1978/5/21	1978/5/31	23	28.1
1978/6/1	1978/6/10	24.3	30
1978/6/11	1978/6/20	26.2	30.6
1978/6/21	1978/6/30	27.5	30.8
1978/7/1	1978/7/10	28	31.9
1978/7/11	1978/7/20	27.5	31.3
1978/7/21	1978/7/31	27.4	30.8
1978/8/1	1978/8/10	27.3	30.6
1978/8/11	1978/8/20	26.9	30.6
1978/8/21	1978/8/31	26.6	30
1978/9/1	1978/9/10	27.7	31.2
1978/9/11	1978/9/20	26.9	30.8
1978/9/21	1978/9/30	26.8	30.9
1978/10/1	1978/10/10	26.1	30.2
1978/10/11	1978/10/20	25.1	30.3
1978/10/21	1978/10/31	23.3	28.9
1978/11/1	1978/11/10	21.8	26.9
1978/11/11	1978/11/20	22.8	27.2
1978/11/21	1978/11/30	19.7	25
1978/12/1	1978/12/10	20.1	25.7
1978/12/11	1978/12/20	18.1	23.1
1978/12/21	1978/12/31	17.1	23
1979/1/1	1979/1/10	17.4	23.1
1979/1/11	1979/1/20	16.3	23
1979/1/21	1979/1/31	17.8	23.2
1979/2/1	1979/2/10	16.2	23.9
1979/2/11	1979/2/20	17.2	24
1979/2/21	1979/2/28	17.9	24.6
1979/3/1	1979/3/10	16.8	24.8
1979/3/11	1979/3/20	18.5	22.5
1979/3/21	1979/3/31	19.6	25.9
1979/4/1	1979/4/10	19.9	26.2
1979/4/11	1979/4/20	21.2	26.1
1979/4/21	1979/4/30	21.6	27.2
1979/5/1	1979/5/10	22.4	27.8
1979/5/11	1979/5/20	21	28.3
1979/5/21	1979/5/31	21.9	26.6
1979/6/1	1979/6/10	24	28.2
1979/6/11	1979/6/20	26	30.1
1979/6/21	1979/6/30	27.9	31.8
1979/7/1	1979/7/10	28.8	32.7
1979/7/11	1979/7/20	29	32.3
1979/7/21	1979/7/31	28.4	32.3
1979/8/1	1979/8/10	28.2	31.9
1979/8/11	1979/8/20	28.3	31.7
1979/8/21	1979/8/31	26.7	30.4
1979/9/1	1979/9/10	27.3	30.5
1979/9/11	1979/9/20	27.5	30.9
1979/9/21	1979/9/30	26.8	31.5
1979/10/1	1979/10/10	24	27.6
1979/10/11	1979/10/20	24.2	28.7
1979/10/21	1979/10/31	22.3	27.6
1979/11/1	1979/11/10	23.2	28.3
1979/11/11	1979/11/20	19.9	25.5
1979/11/21	1979/11/30	18.8	25.2
1979/12/1	1979/12/10	19.2	24.9
1979/12/11	1979/12/20	18.4	24.9
1979/12/21	1979/12/31	18.7	25.4
1980/1/1	1980/1/10	17.5	25.1
1980/1/11	1980/1/20	15.2	19.9
1980/1/21	1980/1/31	16.3	24
1980/2/1	1980/2/10	13.5	19.1
1980/2/11	1980/2/20	15.3	21.4
1980/2/21	1980/2/29	16.8	23.3
1980/3/1	1980/3/10	19.1	25.1
1980/3/11	1980/3/20	19	25.1
1980/3/21	1980/3/31	19.1	26.2
1980/4/1	1980/4/10	21	26.2
1980/4/11	1980/4/20	20.1	25.6
1980/4/21	1980/4/30	20.2	25.2
1980/5/1	1980/5/10	22.2	27.4
1980/5/11	1980/5/20	24.4	30
1980/5/21	1980/5/31	24.8	29.9
1980/6/1	1980/6/10	25.9	30.2
1980/6/11	1980/6/20	28	31.7
1980/6/21	1980/6/30	28.8	32.3
1980/7/1	1980/7/10	28.1	32.8
1980/7/11	1980/7/20	28.8	32.4
1980/7/21	1980/7/31	29.2	32.4
1980/8/1	1980/8/10	28.2	31.9
1980/8/11	1980/8/20	29.1	34
1980/8/21	1980/8/31	29	33
1980/9/1	1980/9/10	28.2	32.2
1980/9/11	1980/9/20	27.1	31.5
1980/9/21	1980/9/30	26.6	30.6
1980/10/1	1980/10/10	26	30.1
1980/10/11	1980/10/20	24.9	30.1
1980/10/21	1980/10/31	21.9	29
1980/11/1	1980/11/10	22.1	27.7
1980/11/11	1980/11/20	22.2	25.9
1980/11/21	1980/11/30	21.2	27.1
1980/12/1	1980/12/10	19.2	25
1980/12/11	1980/12/20	16.8	21.1
1980/12/21	1980/12/31	14.5	20.3
1981/1/1	1981/1/10	14.9	20.7
1981/1/11	1981/1/20	14.4	19.3
1981/1/21	1981/1/31	15.7	22.3
1981/2/1	1981/2/10	14.7	20.4
1981/2/11	1981/2/20	18.4	24.9
1981/2/21	1981/2/28	15.5	24.2
1981/3/1	1981/3/10	17.8	23.4
1981/3/11	1981/3/20	18.6	25.3
1981/3/21	1981/3/31	20.1	25.7
1981/4/1	1981/4/10	22.1	27.3
1981/4/11	1981/4/20	21.6	27.4
1981/4/21	1981/4/30	21.2	27.9
1981/5/1	1981/5/10	23.3	28.9
1981/5/11	1981/5/20	22.1	28.9
1981/5/21	1981/5/31	22.5	27.1
1981/6/1	1981/6/10	22.7	27.3
1981/6/11	1981/6/20	27.3	31.2
1981/6/21	1981/6/30	28.2	32.3
1981/7/1	1981/7/10	29.2	33.2
1981/7/11	1981/7/20	27.8	33.4
1981/7/21	1981/7/31	27.5	30.8
1981/8/1	1981/8/10	28.4	32.6
1981/8/11	1981/8/20	29.3	33.1
1981/8/21	1981/8/31	28.2	32.5
1981/9/1	1981/9/10	26.5	29.4
1981/9/11	1981/9/20	26.8	30.2
1981/9/21	1981/9/30	27.2	31.7
1981/10/1	1981/10/10	25.7	30.6
1981/10/11	1981/10/20	25.4	30.2
1981/10/21	1981/10/31	22.7	27.5
1981/11/1	1981/11/10	21.4	28.2
1981/11/11	1981/11/20	20.8	25.4
1981/11/21	1981/11/30	21.2	26.2
1981/12/1	1981/12/10	17.3	23.3
1981/12/11	1981/12/20	16.7	22.7
1981/12/21	1981/12/31	17.7	21.8
1982/1/1	1982/1/10	16.5	24.1
1982/1/11	1982/1/20	14.8	22.6
1982/1/21	1982/1/31	15.6	22.7
1982/2/1	1982/2/10	15.4	22.3
1982/2/11	1982/2/20	17.8	23.2
1982/2/21	1982/2/28	17.7	21.8
1982/3/1	1982/3/10	17.1	24.5
1982/3/11	1982/3/20	21.3	26.1
1982/3/21	1982/3/31	20.8	26.3
1982/4/1	1982/4/10	19.4	25.5
1982/4/11	1982/4/20	20	25.2
1982/4/21	1982/4/30	21.1	25.5
1982/5/1	1982/5/10	23.9	29.7
1982/5/11	1982/5/20	25.5	30.1
1982/5/21	1982/5/31	24.6	28.2
1982/6/1	1982/6/10	23.8	28.2
1982/6/11	1982/6/20	26.5	29.9
1982/6/21	1982/6/30	26.2	30.4
1982/7/1	1982/7/10	27.1	31.1
1982/7/11	1982/7/20	29.3	33
1982/7/21	1982/7/31	29.3	32.7
1982/8/1	1982/8/10	28.4	32.5
1982/8/11	1982/8/20	28.1	31.4
1982/8/21	1982/8/31	27.7	32.6
1982/9/1	1982/9/10	27.5	30.9
1982/9/11	1982/9/20	26.9	31.8
1982/9/21	1982/9/30	25.7	29.8
1982/10/1	1982/10/10	25.2	29.3
1982/10/11	1982/10/20	24.8	29.2
1982/10/21	1982/10/31	22.8	28.1
1982/11/1	1982/11/10	23.4	27.6
1982/11/11	1982/11/20	22.1	27.3
1982/11/21	1982/11/30	21.9	27.4
1982/12/1	1982/12/10	19.1	24.3
1982/12/11	1982/12/20	17.5	25
1982/12/21	1982/12/31	17.8	22
1983/1/1	1983/1/10	18.2	23.4
1983/1/11	1983/1/20	17	23.2
1983/1/21	1983/1/31	16.2	22.7
1983/2/1	1983/2/10	16	23.9
1983/2/11	1983/2/20	14.5	20.2
1983/2/21	1983/2/28	17.4	22.4
1983/3/1	1983/3/10	17.6	24.6
1983/3/11	1983/3/20	17	21.8
1983/3/21	1983/3/31	20.4	25.9
1983/4/1	1983/4/10	21	27
1983/4/11	1983/4/20	23.9	28
1983/4/21	1983/4/30	24.1	29.4
1983/5/1	1983/5/10	24.1	29.1
1983/5/11	1983/5/20	23.5	29.8
1983/5/21	1983/5/31	25.3	29.7
1983/6/1	1983/6/10	24.9	28.8
1983/6/11	1983/6/20	26.1	30.2
1983/6/21	1983/6/30	27.8	30.7
1983/7/1	1983/7/10	28.5	31.7
1983/7/11	1983/7/20	27.8	32.1
1983/7/21	1983/7/31	29.8	33.2
1983/8/1	1983/8/10	29.2	32.5
1983/8/11	1983/8/20	28.4	31.4
1983/8/21	1983/8/31	28.4	33.3
1983/9/1	1983/9/10	28.5	32.3
1983/9/11	1983/9/20	28.6	31.7
1983/9/21	1983/9/30	27.4	31.4
1983/10/1	1983/10/10	27.2	31
1983/10/11	1983/10/20	26.8	30.6
1983/10/21	1983/10/31	24.7	30.2
1983/11/1	1983/11/10	22.8	27.7
1983/11/11	1983/11/20	20.5	23.9
1983/11/21	1983/11/30	19.8	24.9
1983/12/1	1983/12/10	18.6	24.4
1983/12/11	1983/12/20	17.3	23.4
1983/12/21	1983/12/31	15.3	23.6
1984/1/1	1984/1/10	14.3	19.1
1984/1/11	1984/1/20	16.5	22.8
1984/1/21	1984/1/31	14.8	21.9
1984/2/1	1984/2/10	14.2	23
1984/2/11	1984/2/20	16.3	21
1984/2/21	1984/2/29	16.5	24.4
1984/3/1	1984/3/10	14.9	21.6
1984/3/11	1984/3/20	18.7	23.7
1984/3/21	1984/3/31	18.6	25.4
1984/4/1	1984/4/10	20.5	26.7
1984/4/11	1984/4/20	20.7	25.2
1984/4/21	1984/4/30	20.9	24.9
1984/5/1	1984/5/10	22.5	27
1984/5/11	1984/5/20	23.5	27.8
1984/5/21	1984/5/31	23.6	27.8
1984/6/1	1984/6/10	26.1	30.7
1984/6/11	1984/6/20	26.8	31
1984/6/21	1984/6/30	28.1	31.7
1984/7/1	1984/7/10	28.6	32.7
1984/7/11	1984/7/20	28.6	31.6
1984/7/21	1984/7/31	28.4	31.9
1984/8/1	1984/8/10	28.6	32.6
1984/8/11	1984/8/20	28.2	31.8
1984/8/21	1984/8/31	27.9	31.2
1984/9/1	1984/9/10	27.7	31
1984/9/11	1984/9/20	27.2	31.4
1984/9/21	1984/9/30	27.1	31.2
1984/10/1	1984/10/10	26.1	30.6
1984/10/11	1984/10/20	24.5	27.7
1984/10/21	1984/10/31	22.5	27.9
1984/11/1	1984/11/10	22.7	27.3
1984/11/11	1984/11/20	23.4	29.3
1984/11/21	1984/11/30	20.8	24.8
1984/12/1	1984/12/10	19.8	24.2
1984/12/11	1984/12/20	19.5	25.1
1984/12/21	1984/12/31	15.7	23.7
1985/1/1	1985/1/10	17.4	22.8
1985/1/11	1985/1/20	15.6	22.3
1985/1/21	1985/1/31	15.7	21.9
1985/2/1	1985/2/10	17.8	23.1
1985/2/11	1985/2/20	17.2	22.4
1985/2/21	1985/2/28	16.8	23.9
1985/3/1	1985/3/10	19.5	26
1985/3/11	1985/3/20	19.5	24.8
1985/3/21	1985/3/31	19.2	25.7
1985/4/1	1985/4/10	19.8	24.4
1985/4/11	1985/4/20	19.6	25.2
1985/4/21	1985/4/30	21.3	25.5
1985/5/1	1985/5/10	23.7	29.5
1985/5/11	1985/5/20	25.8	29.9
1985/5/21	1985/5/31	24.3	29.3
1985/6/1	1985/6/10	24.5	29.4
1985/6/11	1985/6/20	25.2	30.7
1985/6/21	1985/6/30	28	31.1
1985/7/1	1985/7/10	28	32.2
1985/7/11	1985/7/20	28.2	32.2
1985/7/21	1985/7/31	27.8	31.8
1985/8/1	1985/8/10	28.4	32.5
1985/8/11	1985/8/20	26.8	31.1
1985/8/21	1985/8/31	27.4	30.5
1985/9/1	1985/9/10	27.3	30.8
1985/9/11	1985/9/20	27.6	31.3
1985/9/21	1985/9/30	27.1	31.5
1985/10/1	1985/10/10	25.7	29.4
1985/10/11	1985/10/20	25.9	30.5
1985/10/21	1985/10/31	24.6	29
1985/11/1	1985/11/10	21.9	26.6
1985/11/11	1985/11/20	19.4	23.3
1985/11/21	1985/11/30	20.3	27.1
1985/12/1	1985/12/10	19.5	25.8
1985/12/11	1985/12/20	15.5	20.9
1985/12/21	1985/12/31	17.9	24.1
1986/1/1	1986/1/10	13.6	19.8
1986/1/11	1986/1/20	16.2	22.1
1986/1/21	1986/1/31	15.2	22.7
1986/2/1	1986/2/10	14.4	18.7
1986/2/11	1986/2/20	15.9	22.2
1986/2/21	1986/2/28	13.4	19.1
1986/3/1	1986/3/10	15	23.6
1986/3/11	1986/3/20	18.1	23.5
1986/3/21	1986/3/31	18.2	23.7
1986/4/1	1986/4/10	20.1	25.9
1986/4/11	1986/4/20	20.8	26.5
1986/4/21	1986/4/30	22.9	27.6
1986/5/1	1986/5/10	23.3	28.9
1986/5/11	1986/5/20	23.8	29.2
1986/5/21	1986/5/31	23.1	29.6
1986/6/1	1986/6/10	24.8	29.7
1986/6/11	1986/6/20	26.1	30.9
1986/6/21	1986/6/30	28.5	31.7
1986/7/1	1986/7/10	28.7	33.2
1986/7/11	1986/7/20	28.7	32.8
1986/7/21	1986/7/31	28.9	32.7
1986/8/1	1986/8/10	28.5	32.4
1986/8/11	1986/8/20	28.5	32.6
1986/8/21	1986/8/31	27.9	32.4
1986/9/1	1986/9/10	28	32.3
1986/9/11	1986/9/20	28	32.2
1986/9/21	1986/9/30	25.9	29.2
1986/10/1	1986/10/10	24.3	28.5
1986/10/11	1986/10/20	23.7	28.2
1986/10/21	1986/10/31	23.5	28.5
1986/11/1	1986/11/10	21.3	26.5
1986/11/11	1986/11/20	22.3	27.9
1986/11/21	1986/11/30	20.6	27.9
1986/12/1	1986/12/10	18.2	23
1986/12/11	1986/12/20	19.4	24.1
1986/12/21	1986/12/31	17.6	24.4
1987/1/1	1987/1/10	17.7	22.8
1987/1/11	1987/1/20	15.3	21.9
1987/1/21	1987/1/31	15.4	22.5
1987/2/1	1987/2/10	14.8	21.8
1987/2/11	1987/2/20	19.9	24.8
1987/2/21	1987/2/28	14.6	19.8
1987/3/1	1987/3/10	18.4	24.9
1987/3/11	1987/3/20	19.9	25.3
1987/3/21	1987/3/31	19.6	25.9
1987/4/1	1987/4/10	22	27.1
1987/4/11	1987/4/20	20.2	26.5
1987/4/21	1987/4/30	23.2	28.8
1987/5/1	1987/5/10	23.1	29.1
1987/5/11	1987/5/20	23.9	29
1987/5/21	1987/5/31	26	30.6
1987/6/1	1987/6/10	25.7	31.1
1987/6/11	1987/6/20	26.6	30.2
1987/6/21	1987/6/30	25.4	30.3
1987/7/1	1987/7/10	28.6	32.2
1987/7/11	1987/7/20	28.5	32.9
1987/7/21	1987/7/31	28.9	32.8
1987/8/1	1987/8/10	28.5	32
1987/8/11	1987/8/20	28.4	32.6
1987/8/21	1987/8/31	29.1	33.6
1987/9/1	1987/9/10	28.8	32.5
1987/9/11	1987/9/20	27.3	31.9
1987/9/21	1987/9/30	25.6	29.8
1987/10/1	1987/10/10	26	30.9
1987/10/11	1987/10/20	25.9	29.6
1987/10/21	1987/10/31	26.2	30.6
1987/11/1	1987/11/10	23.3	30.5
1987/11/11	1987/11/20	23.3	28.6
1987/11/21	1987/11/30	22.9	28.8
1987/12/1	1987/12/10	17.7	23.2
1987/12/11	1987/12/20	18.4	23.6
1987/12/21	1987/12/31	19.8	26.4
1988/1/1	1988/1/10	18.2	23.7
1988/1/11	1988/1/20	18	25.3
1988/1/21	1988/1/31	19.1	26.8
1988/2/1	1988/2/10	16.3	25.3
1988/2/11	1988/2/20	16.8	24.2
1988/2/21	1988/2/29	20.1	25.4
1988/3/1	1988/3/10	16	24.1
1988/3/11	1988/3/20	20.9	26.8
1988/3/21	1988/3/31	20.7	25
1988/4/1	1988/4/10	20.1	25
1988/4/11	1988/4/20	21	25.6
1988/4/21	1988/4/30	20.9	25.7
1988/5/1	1988/5/10	23.7	28.3
1988/5/11	1988/5/20	23.3	27.9
1988/5/21	1988/5/31	23.9	28.6
1988/6/1	1988/6/10	26	31.1
1988/6/11	1988/6/20	28	31.3
1988/6/21	1988/6/30	28.3	31.7
1988/7/1	1988/7/10	29.2	32.9
1988/7/11	1988/7/20	30.1	34.7
1988/7/21	1988/7/31	29.8	33.4
1988/8/1	1988/8/10	28.1	32.5
1988/8/11	1988/8/20	28.2	32.1
1988/8/21	1988/8/31	28.5	32.6
1988/9/1	1988/9/10	27.8	31.4
1988/9/11	1988/9/20	28.1	31.8
1988/9/21	1988/9/30	27.2	31.5
1988/10/1	1988/10/10	26.2	30.4
1988/10/11	1988/10/20	24.8	28.6
1988/10/21	1988/10/31	24.2	29.1
1988/11/1	1988/11/10	22	26.3
1988/11/11	1988/11/20	20.3	26
1988/11/21	1988/11/30	18.2	25.3
1988/12/1	1988/12/10	17.9	23.1
1988/12/11	1988/12/20	16.9	23.1
1988/12/21	1988/12/31	18.8	23.6
1989/1/1	1989/1/10	19	24.1
1989/1/11	1989/1/20	18.1	24.4
1989/1/21	1989/1/31	16.5	22.9
1989/2/1	1989/2/10	16.4	24
1989/2/11	1989/2/20	17.7	24.5
1989/2/21	1989/2/28	19.1	25.1
1989/3/1	1989/3/10	16.4	24.9
1989/3/11	1989/3/20	19.2	24.6
1989/3/21	1989/3/31	17.8	24.7
1989/4/1	1989/4/10	21.3	26.8
1989/4/11	1989/4/20	20.7	25.8
1989/4/21	1989/4/30	21.9	26
1989/5/1	1989/5/10	23	28.6
1989/5/11	1989/5/20	24.2	29.6
1989/5/21	1989/5/31	23.9	30.1
1989/6/1	1989/6/10	26.2	31.4
1989/6/11	1989/6/20	26.8	32
1989/6/21	1989/6/30	26.8	31.4
1989/7/1	1989/7/10	28.3	32.5
1989/7/11	1989/7/20	29	32.8
1989/7/21	1989/7/31	28.4	33.9
1989/8/1	1989/8/10	28	31.8
1989/8/11	1989/8/20	28.5	32.4
1989/8/21	1989/8/31	27.8	32.1
1989/9/1	1989/9/10	27.9	31.9
1989/9/11	1989/9/20	27.7	32.2
1989/9/21	1989/9/30	26.9	31.6
1989/10/1	1989/10/10	25.7	30.6
1989/10/11	1989/10/20	24	29.6
1989/10/21	1989/10/31	23.7	28.3
1989/11/1	1989/11/10	23.2	28.6
1989/11/11	1989/11/20	21.4	27.8
1989/11/21	1989/11/30	19.5	24.3
1989/12/1	1989/12/10	18.3	22.4
1989/12/11	1989/12/20	18.5	22.9
1989/12/21	1989/12/31	17.1	22.5
1990/1/1	1990/1/10	16.5	22.3
1990/1/11	1990/1/20	16.9	22.7
1990/1/21	1990/1/31	16.2	22.2
1990/2/1	1990/2/10	17.2	23.9
1990/2/11	1990/2/20	19.5	24.1
1990/2/21	1990/2/28	18.9	26.1
1990/3/1	1990/3/10	16.6	23.6
1990/3/11	1990/3/20	18.6	24.1
1990/3/21	1990/3/31	21.5	25.5
1990/4/1	1990/4/10	19.7	25.3
1990/4/11	1990/4/20	19.9	26.4
1990/4/21	1990/4/30	21.2	26.7
1990/5/1	1990/5/10	23.1	27.7
1990/5/11	1990/5/20	24.9	29.5
1990/5/21	1990/5/31	23.4	27.7
1990/6/1	1990/6/10	25.6	29.8
1990/6/11	1990/6/20	27.3	32.3
1990/6/21	1990/6/30	28.7	32.5
1990/7/1	1990/7/10	29.1	33.1
1990/7/11	1990/7/20	29.5	33.6
1990/7/21	1990/7/31	29.5	33.7
1990/8/1	1990/8/10	29.3	33
1990/8/11	1990/8/20	29	33.1
1990/8/21	1990/8/31	28.8	33.1
1990/9/1	1990/9/10	28.3	31.7
1990/9/11	1990/9/20	27.3	32.8
1990/9/21	1990/9/30	26.7	31
1990/10/1	1990/10/10	25.4	30
1990/10/11	1990/10/20	24.4	29.1
1990/10/21	1990/10/31	23	27.7
1990/11/1	1990/11/10	23	28.4
1990/11/11	1990/11/20	22.9	27.9
1990/11/21	1990/11/30	21.5	26.3
1990/12/1	1990/12/10	19.9	26.6
1990/12/11	1990/12/20	18.8	24.3
1990/12/21	1990/12/31	18.1	22.8
1991/1/1	1991/1/10	17	22.9
1991/1/11	1991/1/20	17	22.4
1991/1/21	1991/1/31	17.9	23.6
1991/2/1	1991/2/10	16.9	24.7
1991/2/11	1991/2/20	16.9	24
1991/2/21	1991/2/28	15	23.3
1991/3/1	1991/3/10	20.7	25.8
1991/3/11	1991/3/20	19.7	25.7
1991/3/21	1991/3/31	21.2	27.2
1991/4/1	1991/4/10	20	25.9
1991/4/11	1991/4/20	23.1	28.6
1991/4/21	1991/4/30	23.1	28.4
1991/5/1	1991/5/10	21.4	27.8
1991/5/11	1991/5/20	25.1	30.5
1991/5/21	1991/5/31	27	31.1
1991/6/1	1991/6/10	28.3	33.5
1991/6/11	1991/6/20	29.2	33
1991/6/21	1991/6/30	29	33.6
1991/7/1	1991/7/10	29.9	34.2
1991/7/11	1991/7/20	29.7	34.9
1991/7/21	1991/7/31	29	34.2
1991/8/1	1991/8/10	29.1	32.7
1991/8/11	1991/8/20	29.2	33.2
1991/8/21	1991/8/31	28.6	32.2
1991/9/1	1991/9/10	29.2	32.9
1991/9/11	1991/9/20	27.8	31.9
1991/9/21	1991/9/30	26.6	31
1991/10/1	1991/10/10	26.3	30.5
1991/10/11	1991/10/20	23.7	27.6
1991/10/21	1991/10/31	23.2	27.9
1991/11/1	1991/11/10	22.1	27
1991/11/11	1991/11/20	19.3	23.2
1991/11/21	1991/11/30	21.6	26.3
1991/12/1	1991/12/10	20.2	24.8
1991/12/11	1991/12/20	19.2	23.6
1991/12/21	1991/12/31	18.5	26
1992/1/1	1992/1/10	18.8	23.6
1992/1/11	1992/1/20	16	22
1992/1/21	1992/1/31	16.9	22.7
1992/2/1	1992/2/10	16	22.3
1992/2/11	1992/2/20	16.1	21.2
1992/2/21	1992/2/29	15.7	25
1992/3/1	1992/3/10	18.9	25.2
1992/3/11	1992/3/20	21.4	26.4
1992/3/21	1992/3/31	21.9	26.6
1992/4/1	1992/4/10	21.6	26.4
1992/4/11	1992/4/20	19.6	25.4
1992/4/21	1992/4/30	23.6	28
1992/5/1	1992/5/10	23.2	29
1992/5/11	1992/5/20	24.2	28.9
1992/5/21	1992/5/31	23.6	27.1
1992/6/1	1992/6/10	24.6	29.3
1992/6/11	1992/6/20	26.1	29.9
1992/6/21	1992/6/30	27.4	31.8
1992/7/1	1992/7/10	27.4	31.2
1992/7/11	1992/7/20	28.3	32.5
1992/7/21	1992/7/31	28.8	32.7
1992/8/1	1992/8/10	28.8	33.1
1992/8/11	1992/8/20	29.1	32.5
1992/8/21	1992/8/31	27.9	32.7
1992/9/1	1992/9/10	28	31.4
1992/9/11	1992/9/20	27.5	31.2
1992/9/21	1992/9/30	26.9	31.1
1992/10/1	1992/10/10	26	31
1992/10/11	1992/10/20	24.7	29.1
1992/10/21	1992/10/31	23.2	29.1
1992/11/1	1992/11/10	22.1	27
1992/11/11	1992/11/20	22.2	27
1992/11/21	1992/11/30	19.6	24.4
1992/12/1	1992/12/10	21	24.8
1992/12/11	1992/12/20	18	23.6
1992/12/21	1992/12/31	18.5	23.5
1993/1/1	1993/1/10	20.1	25.4
1993/1/11	1993/1/20	17	24.2
1993/1/21	1993/1/31	15.4	21.1
1993/2/1	1993/2/10	16.5	23.9
1993/2/11	1993/2/20	18.3	23.9
1993/2/21	1993/2/28	16.1	23.7
1993/3/1	1993/3/10	16.6	23
1993/3/11	1993/3/20	17.2	23
1993/3/21	1993/3/31	20.7	26.2
1993/4/1	1993/4/10	18.2	23.6
1993/4/11	1993/4/20	19.8	25.9
1993/4/21	1993/4/30	24	28.8
1993/5/1	1993/5/10	24.2	28.8
1993/5/11	1993/5/20	24.2	29.5
1993/5/21	1993/5/31	25.4	30.3
1993/6/1	1993/6/10	24.5	28.8
1993/6/11	1993/6/20	27.8	31.7
1993/6/21	1993/6/30	28.8	32.5
1993/7/1	1993/7/10	29.2	33
1993/7/11	1993/7/20	29.5	32.9
1993/7/21	1993/7/31	28.5	32.2
1993/8/1	1993/8/10	29.2	33.1
1993/8/11	1993/8/20	28.8	32.2
1993/8/21	1993/8/31	28.7	32.4
1993/9/1	1993/9/10	27	30.4
1993/9/11	1993/9/20	28.4	32.5
1993/9/21	1993/9/30	27.1	31.9
1993/10/1	1993/10/10	25.7	30.5
1993/10/11	1993/10/20	25.9	30.1
1993/10/21	1993/10/31	23.4	29.9
1993/11/1	1993/11/10	24.4	28.5
1993/11/11	1993/11/20	23.4	27.1
1993/11/21	1993/11/30	20.6	26.4
1993/12/1	1993/12/10	20.7	27.8
1993/12/11	1993/12/20	18.6	25.4
1993/12/21	1993/12/31	17.1	22.8
1994/1/1	1994/1/10	19.1	24.2
1994/1/11	1994/1/20	17.3	24.3
1994/1/21	1994/1/31	15.7	22.1
1994/2/1	1994/2/10	17	23.6
1994/2/11	1994/2/20	17.5	22.5
1994/2/21	1994/2/28	16.9	22.7
1994/3/1	1994/3/10	16.9	23
1994/3/11	1994/3/20	16.8	22.6
1994/3/21	1994/3/31	17.5	24.5
1994/4/1	1994/4/10	21.4	26.8
1994/4/11	1994/4/20	22	28
1994/4/21	1994/4/30	23.8	28.3
1994/5/1	1994/5/10	22.2	26.7
1994/5/11	1994/5/20	23.8	28.2
1994/5/21	1994/5/31	24.1	29.2
1994/6/1	1994/6/10	25.5	30.4
1994/6/11	1994/6/20	26.7	30.9
1994/6/21	1994/6/30	28.6	32
1994/7/1	1994/7/10	29.3	32.7
1994/7/11	1994/7/20	29.6	33.6
1994/7/21	1994/7/31	29.3	33.7
1994/8/1	1994/8/10	29.5	32.8
1994/8/11	1994/8/20	28.4	32.2
1994/8/21	1994/8/31	28.4	32.1
1994/9/1	1994/9/10	28	32
1994/9/11	1994/9/20	26.7	30.3
1994/9/21	1994/9/30	25.7	30
1994/10/1	1994/10/10	25.2	29.1
1994/10/11	1994/10/20	25.4	30.1
1994/10/21	1994/10/31	22.9	28.3
1994/11/1	1994/11/10	22.5	27.6
1994/11/11	1994/11/20	23.5	27.7
1994/11/21	1994/11/30	21.3	24.9
1994/12/1	1994/12/10	21.1	26.2
1994/12/11	1994/12/20	20	26.1
1994/12/21	1994/12/31	19.6	24.5
1995/1/1	1995/1/10	17	22.8
1995/1/11	1995/1/20	16.2	22.1
1995/1/21	1995/1/31	16.1	24.8
1995/2/1	1995/2/10	14.2	19.8
1995/2/11	1995/2/20	17.5	22.5
1995/2/21	1995/2/28	15.4	19.8
1995/3/1	1995/3/10	16.1	23.1
1995/3/11	1995/3/20	17.1	22.9
1995/3/21	1995/3/31	19.5	25.3
1995/4/1	1995/4/10	19	26.3
1995/4/11	1995/4/20	22.8	27.7
1995/4/21	1995/4/30	24.4	29
1995/5/1	1995/5/10	22.9	29.8
1995/5/11	1995/5/20	21.7	26.1
1995/5/21	1995/5/31	25	30.5
1995/6/1	1995/6/10	25.4	30.4
1995/6/11	1995/6/20	25.7	29.7
1995/6/21	1995/6/30	27.7	31.1
1995/7/1	1995/7/10	28.8	32.3
1995/7/11	1995/7/20	28.9	33.3
1995/7/21	1995/7/31	27.9	31.5
1995/8/1	1995/8/10	29	33.3
1995/8/11	1995/8/20	29.3	33.1
1995/8/21	1995/8/31	28.8	33.3
1995/9/1	1995/9/10	29.3	32.2
1995/9/11	1995/9/20	28.1	32.9
1995/9/21	1995/9/30	26.2	30.8
1995/10/1	1995/10/10	27.2	31.4
1995/10/11	1995/10/20	26.2	29.6
1995/10/21	1995/10/31	25	30
1995/11/1	1995/11/10	22.1	28.1
1995/11/11	1995/11/20	21.6	26.7
1995/11/21	1995/11/30	19.1	23.7
1995/12/1	1995/12/10	17.5	21.7
1995/12/11	1995/12/20	19.3	24.3
1995/12/21	1995/12/31	16.6	22.5
1996/1/1	1996/1/10	15.9	23.2
1996/1/11	1996/1/20	18.6	24.6
1996/1/21	1996/1/31	17	24.4
1996/2/1	1996/2/10	14.3	21.7
1996/2/11	1996/2/20	18.3	24.6
1996/2/21	1996/2/29	16.4	22.5
1996/3/1	1996/3/10	16.7	23.3
1996/3/11	1996/3/20	18.9	25.4
1996/3/21	1996/3/31	21.1	26.6
1996/4/1	1996/4/10	18.4	25.6
1996/4/11	1996/4/20	19.4	26.5
1996/4/21	1996/4/30	20.6	26.4
1996/5/1	1996/5/10	22.5	26.2
1996/5/11	1996/5/20	22.3	26
1996/5/21	1996/5/31	22.5	26.9
1996/6/1	1996/6/10	25.5	30.3
1996/6/11	1996/6/20	28	31.4
1996/6/21	1996/6/30	28.9	32.3
1996/7/1	1996/7/10	29.2	32.8
1996/7/11	1996/7/20	29.6	33.9
1996/7/21	1996/7/31	29.3	33.3
1996/8/1	1996/8/10	28.5	33.3
1996/8/11	1996/8/20	27.8	31.7
1996/8/21	1996/8/31	28.1	31.2
1996/9/1	1996/9/10	28.5	32.9
1996/9/11	1996/9/20	28.6	33.2
1996/9/21	1996/9/30	26.8	30.3
1996/10/1	1996/10/10	25.2	29.2
1996/10/11	1996/10/20	24.8	29.7
1996/10/21	1996/10/31	24	29.3
1996/11/1	1996/11/10	25.5	29.2
1996/11/11	1996/11/20	22.1	29.1
1996/11/21	1996/11/30	21.9	26.7
1996/12/1	1996/12/10	17.8	24
1996/12/11	1996/12/20	18.7	24
1996/12/21	1996/12/31	17.8	23.4
1997/1/1	1997/1/10	16.1	24
1997/1/11	1997/1/20	17.1	22.5
1997/1/21	1997/1/31	16.3	21.5
1997/2/1	1997/2/10	17.8	22.4
1997/2/11	1997/2/20	15.2	22.1
1997/2/21	1997/2/28	18.5	24.6
1997/3/1	1997/3/10	19.2	24.5
1997/3/11	1997/3/20	21	25.5
1997/3/21	1997/3/31	19.5	23.5
1997/4/1	1997/4/10	21.1	27.5
1997/4/11	1997/4/20	21.2	26
1997/4/21	1997/4/30	23.6	28.9
1997/5/1	1997/5/10	24.6	29.3
1997/5/11	1997/5/20	25.8	29.7
1997/5/21	1997/5/31	23.5	28.5
1997/6/1	1997/6/10	25.9	30
1997/6/11	1997/6/20	25.1	28.8
1997/6/21	1997/6/30	27.1	30.9
1997/7/1	1997/7/10	27.8	31.1
1997/7/11	1997/7/20	28.6	32.6
1997/7/21	1997/7/31	28.7	32.5
1997/8/1	1997/8/10	28	32.8
1997/8/11	1997/8/20	27.5	31.1
1997/8/21	1997/8/31	28	32.5
1997/9/1	1997/9/10	28.2	32.1
1997/9/11	1997/9/20	26.9	31.4
1997/9/21	1997/9/30	25.1	29.7
1997/10/1	1997/10/10	24.9	29
1997/10/11	1997/10/20	24.5	28.2
1997/10/21	1997/10/31	23.5	28.6
1997/11/1	1997/11/10	21.8	26.2
1997/11/11	1997/11/20	22.8	28.3
1997/11/21	1997/11/30	23.1	27.1
1997/12/1	1997/12/10	19.2	24.9
1997/12/11	1997/12/20	19.5	26.1
1997/12/21	1997/12/31	20.2	25.3
1998/1/1	1998/1/10	20	25.9
1998/1/11	1998/1/20	19.5	25.5
1998/1/21	1998/1/31	16.7	24.1
1998/2/1	1998/2/10	16.8	23.6
1998/2/11	1998/2/20	20.7	25.5
1998/2/21	1998/2/28	18	22.3
1998/3/1	1998/3/10	20	26.2
1998/3/11	1998/3/20	18.5	24.7
1998/3/21	1998/3/31	21.8	28.1
1998/4/1	1998/4/10	23.4	28.8
1998/4/11	1998/4/20	22.9	29.1
1998/4/21	1998/4/30	24.2	28.9
1998/5/1	1998/5/10	26.2	30.4
1998/5/11	1998/5/20	26	30.5
1998/5/21	1998/5/31	26.3	30.6
1998/6/1	1998/6/10	25.5	30.2
1998/6/11	1998/6/20	27.8	31
1998/6/21	1998/6/30	29	32.7
1998/7/1	1998/7/10	29.5	33
1998/7/11	1998/7/20	29.8	33.4
1998/7/21	1998/7/31	29.3	32.3
1998/8/1	1998/8/10	29.9	33
1998/8/11	1998/8/20	30.5	34.7
1998/8/21	1998/8/31	29.8	33.6
1998/9/1	1998/9/10	28.8	32.5
1998/9/11	1998/9/20	28.7	32.7
1998/9/21	1998/9/30	27.8	31.7
1998/10/1	1998/10/10	27.2	31.5
1998/10/11	1998/10/20	26.8	31
1998/10/21	1998/10/31	26.3	30.9
1998/11/1	1998/11/10	24.2	28.1
1998/11/11	1998/11/20	22.7	29.6
1998/11/21	1998/11/30	22.3	26.4
1998/12/1	1998/12/10	21	26.4
1998/12/11	1998/12/20	20.2	24.7
1998/12/21	1998/12/31	19.4	22.8
1999/1/1	1999/1/10	17.3	23.3
1999/1/11	1999/1/20	17.8	23.6
1999/1/21	1999/1/31	18.9	23.6
1999/2/1	1999/2/10	17.1	25.7
1999/2/11	1999/2/20	17.1	25.1
1999/2/21	1999/2/28	18.2	25.3
1999/3/1	1999/3/10	21.2	26.9
1999/3/11	1999/3/20	20.6	25.3
1999/3/21	1999/3/31	21	28.2
1999/4/1	1999/4/10	20.9	26.3
1999/4/11	1999/4/20	21.8	26.9
1999/4/21	1999/4/30	22.6	27
1999/5/1	1999/5/10	22.6	28.1
1999/5/11	1999/5/20	23.7	28.8
1999/5/21	1999/5/31	24.7	29.4
1999/6/1	1999/6/10	26.9	30.9
1999/6/11	1999/6/20	27.2	30.9
1999/6/21	1999/6/30	28.3	32.1
1999/7/1	1999/7/10	27.8	32.4
1999/7/11	1999/7/20	28.8	33.1
1999/7/21	1999/7/31	28.3	31.4
1999/8/1	1999/8/10	27.8	31.4
1999/8/11	1999/8/20	28.3	32
1999/8/21	1999/8/31	29	32.1
1999/9/1	1999/9/10	28.9	33.2
1999/9/11	1999/9/20	28.8	33.3
1999/9/21	1999/9/30	26.8	31.4
1999/10/1	1999/10/10	27.7	32
1999/10/11	1999/10/20	26.4	31.4
1999/10/21	1999/10/31	24.9	28.7
1999/11/1	1999/11/10	23.3	28
1999/11/11	1999/11/20	22.7	27.2
1999/11/21	1999/11/30	21.8	27.3
1999/12/1	1999/12/10	20.5	26.6
1999/12/11	1999/12/20	18.1	22.7
1999/12/21	1999/12/31	16.7	23.8
2000/1/1	2000/1/10	20.1	24.7
2000/1/11	2000/1/20	17.9	23.1
2000/1/21	2000/1/31	15.9	24.6
2000/2/1	2000/2/10	16.5	22.6
2000/2/11	2000/2/20	17	23.9
2000/2/21	2000/2/29	15	19.4
2000/3/1	2000/3/10	18.1	24.8
2000/3/11	2000/3/20	19.1	22.8
2000/3/21	2000/3/31	18.7	25.2
2000/4/1	2000/4/10	21	25.7
2000/4/11	2000/4/20	20.2	26.3
2000/4/21	2000/4/30	20.8	25.5
2000/5/1	2000/5/10	22.2	26.6
2000/5/11	2000/5/20	23	28.6
2000/5/21	2000/5/31	24.1	29.3
2000/6/1	2000/6/10	27.1	31.1
2000/6/11	2000/6/20	25.7	30.9
2000/6/21	2000/6/30	28.7	33.5
2000/7/1	2000/7/10	27.9	32.2
2000/7/11	2000/7/20	28.3	32.5
2000/7/21	2000/7/31	27.8	32.5
2000/8/1	2000/8/10	26.7	30.5
2000/8/11	2000/8/20	28.6	32.3
2000/8/21	2000/8/31	28.3	32
2000/9/1	2000/9/10	27.9	32.3
2000/9/11	2000/9/20	25.5	29.1
2000/9/21	2000/9/30	25.6	29.5
2000/10/1	2000/10/10	26.3	30.6
2000/10/11	2000/10/20	25.8	30.8
2000/10/21	2000/10/31	26.4	30.5
2000/11/1	2000/11/10	24.9	29.8
2000/11/11	2000/11/20	23.8	29.5
2000/11/21	2000/11/30	21.6	27
2000/12/1	2000/12/10	21	26.1
2000/12/11	2000/12/20	20.5	25.9
2000/12/21	2000/12/31	18.4	22.7
2001/1/1	2001/1/10	18.4	24.2
2001/1/11	2001/1/20	16.4	24
2001/1/21	2001/1/31	18.4	24.4
2001/2/1	2001/2/10	18.5	25.2
2001/2/11	2001/2/20	17.6	23.4
2001/2/21	2001/2/28	20.2	25.7
2001/3/1	2001/3/10	16.2	22.7
2001/3/11	2001/3/20	19.1	25.6
2001/3/21	2001/3/31	19.5	26.2
2001/4/1	2001/4/10	20.3	24.7
2001/4/11	2001/4/20	20.3	25.5
2001/4/21	2001/4/30	23	29.2
2001/5/1	2001/5/10	22.9	27
2001/5/11	2001/5/20	23.2	27.6
2001/5/21	2001/5/31	24.4	28.9
2001/6/1	2001/6/10	25.7	30.5
2001/6/11	2001/6/20	27.7	31.7
2001/6/21	2001/6/30	29.9	34.1
2001/7/1	2001/7/10	29.8	33.9
2001/7/11	2001/7/20	29.6	33.3
2001/7/21	2001/7/31	30.3	34.4
2001/8/1	2001/8/10	30.1	35.6
2001/8/11	2001/8/20	29.4	33.2
2001/8/21	2001/8/31	29.2	32.6
2001/9/1	2001/9/10	28.6	33.3
2001/9/11	2001/9/20	27.6	32
2001/9/21	2001/9/30	26.5	31.1
2001/10/1	2001/10/10	26.2	29.6
2001/10/11	2001/10/20	25.6	29.1
2001/10/21	2001/10/31	25	29.3
2001/11/1	2001/11/10	23.8	28.7
2001/11/11	2001/11/20	20.6	24.1
2001/11/21	2001/11/30	21.2	26.1
2001/12/1	2001/12/10	22.1	26.3
2001/12/11	2001/12/20	19.7	24.9
2001/12/21	2001/12/31	16.1	20.1
2002/1/1	2002/1/10	16.2	20.6
2002/1/11	2002/1/20	19.7	23.9
2002/1/21	2002/1/31	15.6	22.2
2002/2/1	2002/2/10	17.3	20.9
2002/2/11	2002/2/20	16.1	21.6
2002/2/21	2002/2/28	19	25.3
2002/3/1	2002/3/10	18.7	26.1
2002/3/11	2002/3/20	19.5	24.5
2002/3/21	2002/3/31	20.4	26.6
2002/4/1	2002/4/10	21.4	26.2
2002/4/11	2002/4/20	21.9	27.3
2002/4/21	2002/4/30	24	29.1
2002/5/1	2002/5/10	25.5	31
2002/5/11	2002/5/20	25	30.3
2002/5/21	2002/5/31	24.8	28.7
2002/6/1	2002/6/10	26.2	29.6
2002/6/11	2002/6/20	26.4	30.4
2002/6/21	2002/6/30	28.3	33.3
2002/7/1	2002/7/10	28.3	32.4
2002/7/11	2002/7/20	27.8	32
2002/7/21	2002/7/31	28.5	32.3
2002/8/1	2002/8/10	28.2	32
2002/8/11	2002/8/20	29.1	32.7
2002/8/21	2002/8/31	28.9	32.7
2002/9/1	2002/9/10	27.9	32.4
2002/9/11	2002/9/20	27.8	31.8
2002/9/21	2002/9/30	26.7	30.4
2002/10/1	2002/10/10	25.4	31
2002/10/11	2002/10/20	25.4	29.6
2002/10/21	2002/10/31	23.4	27.2
2002/11/1	2002/11/10	20.8	26
2002/11/11	2002/11/20	22.1	26.7
2002/11/21	2002/11/30	20.5	25.7
2002/12/1	2002/12/10	21.1	26.3
2002/12/11	2002/12/20	19.5	24.9
2002/12/21	2002/12/31	17.8	23
2003/1/1	2003/1/10	15.3	20.2
2003/1/11	2003/1/20	16.3	21.9
2003/1/21	2003/1/31	15.6	22.8
2003/2/1	2003/2/10	17.2	23.9
2003/2/11	2003/2/20	18	23.9
2003/2/21	2003/2/28	19.2	24.9
2003/3/1	2003/3/10	17.4	24.9
2003/3/11	2003/3/20	19.2	26.3
2003/3/21	2003/3/31	18.4	24.8
2003/4/1	2003/4/10	20.8	26.1
2003/4/11	2003/4/20	22.9	28.8
2003/4/21	2003/4/30	24.1	29.1
2003/5/1	2003/5/10	24.4	29.8
2003/5/11	2003/5/20	24.5	29.4
2003/5/21	2003/5/31	24.4	29.5
2003/6/1	2003/6/10	24.5	28.2
2003/6/11	2003/6/20	27.1	32.1
2003/6/21	2003/6/30	28.1	31.4
2003/7/1	2003/7/10	29.4	33.9
2003/7/11	2003/7/20	30	34.5
2003/7/21	2003/7/31	30.2	34.8
2003/8/1	2003/8/10	29.9	35.5
2003/8/11	2003/8/20	29.6	32.9
2003/8/21	2003/8/31	29.2	33.1
2003/9/1	2003/9/10	29.4	32.9
2003/9/11	2003/9/20	28.7	32.6
2003/9/21	2003/9/30	27.2	31.2
2003/10/1	2003/10/10	26.1	30.3
2003/10/11	2003/10/20	24.8	29.4
2003/10/21	2003/10/31	23.2	27.6
2003/11/1	2003/11/10	25.6	29.7
2003/11/11	2003/11/20	23.6	28.1
2003/11/21	2003/11/30	22.1	27
2003/12/1	2003/12/10	20.8	25.7
2003/12/11	2003/12/20	17.6	25.7
2003/12/21	2003/12/31	17.7	23.8
2004/1/1	2004/1/10	19.3	24.4
2004/1/11	2004/1/20	17.4	22.6
2004/1/21	2004/1/31	13.9	21.4
2004/2/1	2004/2/10	14.7	22
2004/2/11	2004/2/20	17.6	24
2004/2/21	2004/2/29	19.2	25
2004/3/1	2004/3/10	15.7	23
2004/3/11	2004/3/20	20.9	25.5
2004/3/21	2004/3/31	20.7	25.5
2004/4/1	2004/4/10	19.5	24.6
2004/4/11	2004/4/20	23.4	27.8
2004/4/21	2004/4/30	22.6	28.2
2004/5/1	2004/5/10	24.1	29.8
2004/5/11	2004/5/20	26.8	31.6
2004/5/21	2004/5/31	25.5	31
2004/6/1	2004/6/10	25.4	29.9
2004/6/11	2004/6/20	26.4	31.1
2004/6/21	2004/6/30	28.3	32.1
2004/7/1	2004/7/10	28.1	32.3
2004/7/11	2004/7/20	29	32.8
2004/7/21	2004/7/31	29.4	33.9
2004/8/1	2004/8/10	29.1	33.2
2004/8/11	2004/8/20	28.7	32.7
2004/8/21	2004/8/31	29.1	33.4
2004/9/1	2004/9/10	28	32.8
2004/9/11	2004/9/20	27.6	31.4
2004/9/21	2004/9/30	27.1	31.4
2004/10/1	2004/10/10	25.5	29.8
2004/10/11	2004/10/20	24.8	27.9
2004/10/21	2004/10/31	24.4	28.8
2004/11/1	2004/11/10	23.5	28.9
2004/11/11	2004/11/20	22.6	28.5
2004/11/21	2004/11/30	21.8	26.4
2004/12/1	2004/12/10	21.5	27
2004/12/11	2004/12/20	21.4	25.3
2004/12/21	2004/12/31	18	22.5
2005/1/1	2005/1/10	16.4	21.5
2005/1/11	2005/1/20	15.6	19.9
2005/1/21	2005/1/31	17.7	23.5
2005/2/1	2005/2/10	18.3	25.3
2005/2/11	2005/2/20	18.8	25.3
2005/2/21	2005/2/28	16.4	24.7
2005/3/1	2005/3/10	15.6	23.8
2005/3/11	2005/3/20	17.1	25.5
2005/3/21	2005/3/31	18.7	26.2
2005/4/1	2005/4/10	20.8	26.8
2005/4/11	2005/4/20	20.3	26.5
2005/4/21	2005/4/30	23.3	28.6
2005/5/1	2005/5/10	24.5	29.1
2005/5/11	2005/5/20	24.1	29.5
2005/5/21	2005/5/31	23.9	28.9
2005/6/1	2005/6/10	25.5	29.9
2005/6/11	2005/6/20	26.5	31.2
2005/6/21	2005/6/30	27.9	31.7
2005/7/1	2005/7/10	29	31.9
2005/7/11	2005/7/20	29.1	33
2005/7/21	2005/7/31	29.5	33.9
2005/8/1	2005/8/10	29.4	34.6
2005/8/11	2005/8/20	28.9	33.2
2005/8/21	2005/8/31	28.8	33.1
2005/9/1	2005/9/10	28.3	32.8
2005/9/11	2005/9/20	28.2	32
2005/9/21	2005/9/30	28	31.5
2005/10/1	2005/10/10	28.1	32.1
2005/10/11	2005/10/20	26.6	32
2005/10/21	2005/10/31	24	30.1
2005/11/1	2005/11/10	24.9	29.1
2005/11/11	2005/11/20	22.8	28.8
2005/11/21	2005/11/30	20.7	26
2005/12/1	2005/12/10	19	26.1
2005/12/11	2005/12/20	16	23.1
2005/12/21	2005/12/31	16.8	21.7
2006/1/1	2006/1/10	16.4	23.2
2006/1/11	2006/1/20	20.5	25.4
2006/1/21	2006/1/31	17.4	23.6
2006/2/1	2006/2/10	15.7	22.9
2006/2/11	2006/2/20	18.7	25.3
2006/2/21	2006/2/28	19.8	24.7
2006/3/1	2006/3/10	18.5	24.3
2006/3/11	2006/3/20	17.8	24.8
2006/3/21	2006/3/31	18.7	24.2
2006/4/1	2006/4/10	21.5	26.6
2006/4/11	2006/4/20	20.8	27.9
2006/4/21	2006/4/30	21.2	26.7
2006/5/1	2006/5/10	24.8	29.2
2006/5/11	2006/5/20	25.7	30.9
2006/5/21	2006/5/31	24.1	29.5
2006/6/1	2006/6/10	24.8	28.8
2006/6/11	2006/6/20	26.4	31.6
2006/6/21	2006/6/30	29.3	33.2
2006/7/1	2006/7/10	29.5	35
2006/7/11	2006/7/20	28.4	32.2
2006/7/21	2006/7/31	29.3	34.3
2006/8/1	2006/8/10	28.8	32.9
2006/8/11	2006/8/20	29.2	32.8
2006/8/21	2006/8/31	29.4	33.4
2006/9/1	2006/9/10	28.9	32.9
2006/9/11	2006/9/20	27.9	32.2
2006/9/21	2006/9/30	26.6	32.4
2006/10/1	2006/10/10	26.8	32
2006/10/11	2006/10/20	26.1	29.6
2006/10/21	2006/10/31	25.4	30
2006/11/1	2006/11/10	23.6	27.7
2006/11/11	2006/11/20	22.7	27.4
2006/11/21	2006/11/30	22.6	28
2006/12/1	2006/12/10	21.2	25.3
2006/12/11	2006/12/20	19.5	26
2006/12/21	2006/12/31	18.4	23.2
2007/1/1	2007/1/10	18.4	23.8
2007/1/11	2007/1/20	18.3	23.3
2007/1/21	2007/1/31	16.8	22.8
2007/2/1	2007/2/10	17.2	24.4
2007/2/11	2007/2/20	18.9	24.9
2007/2/21	2007/2/28	18.6	23.7
2007/3/1	2007/3/10	18.5	25
2007/3/11	2007/3/20	18.9	24.1
2007/3/21	2007/3/31	21.4	27.3
2007/4/1	2007/4/10	19.3	26.6
2007/4/11	2007/4/20	20.8	25.4
2007/4/21	2007/4/30	22	27.3
2007/5/1	2007/5/10	22.5	27.9
2007/5/11	2007/5/20	23.3	27.8
2007/5/21	2007/5/31	25.6	30.4
2007/6/1	2007/6/10	25.1	30.4
2007/6/11	2007/6/20	26	30.9
2007/6/21	2007/6/30	28.9	31.8
2007/7/1	2007/7/10	29.7	33.2
2007/7/11	2007/7/20	28.9	34.4
2007/7/21	2007/7/31	30.2	34.5
2007/8/1	2007/8/10	29.5	33.5
2007/8/11	2007/8/20	28.4	32.4
2007/8/21	2007/8/31	28.4	32.1
2007/9/1	2007/9/10	27.9	31.9
2007/9/11	2007/9/20	28.2	31.7
2007/9/21	2007/9/30	28.6	32.2
2007/10/1	2007/10/10	28.4	31.9
2007/10/11	2007/10/20	26.3	31
2007/10/21	2007/10/31	25.4	30.1
2007/11/1	2007/11/10	24.2	29.8
2007/11/11	2007/11/20	21.5	26.3
2007/11/21	2007/11/30	20.8	25.4
2007/12/1	2007/12/10	19.5	24.3
2007/12/11	2007/12/20	20.1	26.6
2007/12/21	2007/12/31	20	24.9
2008/1/1	2008/1/10	18.5	24.8
2008/1/11	2008/1/20	19.7	25.9
2008/1/21	2008/1/31	17.3	22
2008/2/1	2008/2/10	16.2	23.4
2008/2/11	2008/2/20	15	20.6
2008/2/21	2008/2/29	17.3	24.7
2008/3/1	2008/3/10	16.2	24.7
2008/3/11	2008/3/20	20.1	24.8
2008/3/21	2008/3/31	19.8	25.9
2008/4/1	2008/4/10	21.1	28.3
2008/4/11	2008/4/20	22	27.9
2008/4/21	2008/4/30	21.2	26.7
2008/5/1	2008/5/10	23.2	28.2
2008/5/11	2008/5/20	23	27.3
2008/5/21	2008/5/31	25.9	30.7
2008/6/1	2008/6/10	26.1	30.5
2008/6/11	2008/6/20	27.8	31.9
2008/6/21	2008/6/30	28.8	32.9
2008/7/1	2008/7/10	29.9	33.8
2008/7/11	2008/7/20	29.1	32.5
2008/7/21	2008/7/31	29.3	33.3
2008/8/1	2008/8/10	28.8	33.6
2008/8/11	2008/8/20	29.1	32.8
2008/8/21	2008/8/31	29	32.4
2008/9/1	2008/9/10	28	32.7
2008/9/11	2008/9/20	28	31.2
2008/9/21	2008/9/30	28.7	32.4
2008/10/1	2008/10/10	27.2	31.4
2008/10/11	2008/10/20	26.5	30.6
2008/10/21	2008/10/31	25.4	30.3
2008/11/1	2008/11/10	25.3	30.8
2008/11/11	2008/11/20	22	28.5
2008/11/21	2008/11/30	20.1	26.1
2008/12/1	2008/12/10	19.1	24.9
2008/12/11	2008/12/20	19	24.9
2008/12/21	2008/12/31	18.1	24.1
2009/1/1	2009/1/10	16.6	22.6
2009/1/11	2009/1/20	15.7	22.7
2009/1/21	2009/1/31	17.7	24.8
2009/2/1	2009/2/10	18.8	23.5
2009/2/11	2009/2/20	19.6	25.2
2009/2/21	2009/2/28	21.9	26.6
2009/3/1	2009/3/10	19.3	23.7
2009/3/11	2009/3/20	19.4	25.4
2009/3/21	2009/3/31	20.2	26.4
2009/4/1	2009/4/10	19.6	26.1
2009/4/11	2009/4/20	21.7	26.1
2009/4/21	2009/4/30	20.2	25.5
2009/5/1	2009/5/10	22.4	28.3
2009/5/11	2009/5/20	24.8	29.8
2009/5/21	2009/5/31	23.9	30.3
2009/6/1	2009/6/10	24.8	30.1
2009/6/11	2009/6/20	26	30.7
2009/6/21	2009/6/30	28.4	31.6
2009/7/1	2009/7/10	28.3	33
2009/7/11	2009/7/20	29.6	33.2
2009/7/21	2009/7/31	29.6	34.1
2009/8/1	2009/8/10	29.6	34.4
2009/8/11	2009/8/20	29.5	34.1
2009/8/21	2009/8/31	29.5	33.7
2009/9/1	2009/9/10	29.3	33.5
2009/9/11	2009/9/20	29.1	34.6
2009/9/21	2009/9/30	28.4	32.7
2009/10/1	2009/10/10	27.2	32.8
2009/10/11	2009/10/20	24.4	28.8
2009/10/21	2009/10/31	24.4	29.2
2009/11/1	2009/11/10	23.6	29
2009/11/11	2009/11/20	22.1	26.5
2009/11/21	2009/11/30	22.5	27.5
2009/12/1	2009/12/10	19.8	25.6
2009/12/11	2009/12/20	18.5	24.1
2009/12/21	2009/12/31	16.9	23.4
2010/1/1	2010/1/10	15.8	20.9
2010/1/11	2010/1/20	16.2	24
2010/1/21	2010/1/31	18.2	24.4
2010/2/1	2010/2/10	18.4	25
2010/2/11	2010/2/20	16.5	26.1
2010/2/21	2010/2/28	20.4	25.6
2010/3/1	2010/3/10	20.8	27.3
2010/3/11	2010/3/20	19.3	26.6
2010/3/21	2010/3/31	19.7	27.2
2010/4/1	2010/4/10	20.8	26.1
2010/4/11	2010/4/20	21.7	28
2010/4/21	2010/4/30	21.3	28.6
2010/5/1	2010/5/10	23.6	28.6
2010/5/11	2010/5/20	23.3	29.7
2010/5/21	2010/5/31	24.4	30
2010/6/1	2010/6/10	24.8	29
2010/6/11	2010/6/20	26.7	30.8
2010/6/21	2010/6/30	28.5	32
2010/7/1	2010/7/10	28.7	32.2
2010/7/11	2010/7/20	29	33.2
2010/7/21	2010/7/31	28.5	32.1
2010/8/1	2010/8/10	28.8	32.4
2010/8/11	2010/8/20	29.2	32.9
2010/8/21	2010/8/31	28.7	32.6
2010/9/1	2010/9/10	27.9	32.3
2010/9/11	2010/9/20	28.5	32.6
2010/9/21	2010/9/30	27.7	32.2
2010/10/1	2010/10/10	26.1	31.8
2010/10/11	2010/10/20	26.2	31.3
2010/10/21	2010/10/31	24.9	31.2
2010/11/1	2010/11/10	21.6	25
2010/11/11	2010/11/20	21.6	25.2
2010/11/21	2010/11/30	21.1	26.3
2010/12/1	2010/12/10	19.7	26.9
2010/12/11	2010/12/20	18.8	26.7
2010/12/21	2010/12/31	16.1	23.5
2011/1/1	2011/1/10	14.8	19.1
2011/1/11	2011/1/20	15.1	22.6
2011/1/21	2011/1/31	14.9	20.6
2011/2/1	2011/2/10	17.5	22.7
2011/2/11	2011/2/20	16.2	24.3
2011/2/21	2011/2/28	19.5	24.9
2011/3/1	2011/3/10	16.1	22.6
2011/3/11	2011/3/20	18.5	24.4
2011/3/21	2011/3/31	17	25.4
2011/4/1	2011/4/10	20.2	25.4
2011/4/11	2011/4/20	20.1	25.9
2011/4/21	2011/4/30	20.8	26.3
2011/5/1	2011/5/10	24.2	30.3
2011/5/11	2011/5/20	22.6	29.1
2011/5/21	2011/5/31	24.8	29.1
2011/6/1	2011/6/10	26.5	31.8
2011/6/11	2011/6/20	28.8	32.7
2011/6/21	2011/6/30	28.4	32.2
2011/7/1	2011/7/10	28.6	32.2
2011/7/11	2011/7/20	28.7	32.3
2011/7/21	2011/7/31	29.2	32.9
2011/8/1	2011/8/10	27.9	32.9
2011/8/11	2011/8/20	28.2	32.1
2011/8/21	2011/8/31	28.9	32.6
2011/9/1	2011/9/10	28.5	32.5
2011/9/11	2011/9/20	28.4	32
2011/9/21	2011/9/30	26.8	31.4
2011/10/1	2011/10/10	25.7	29.1
2011/10/11	2011/10/20	25.2	30.6
2011/10/21	2011/10/31	24.7	29.9
2011/11/1	2011/11/10	25.6	29.7
2011/11/11	2011/11/20	24	27.1
2011/11/21	2011/11/30	21.5	26.4
2011/12/1	2011/12/10	20.6	25.4
2011/12/11	2011/12/20	18.2	23.4
2011/12/21	2011/12/31	17.1	23.4
2012/1/1	2012/1/10	16.5	21.9
2012/1/11	2012/1/20	18.1	23.5
2012/1/21	2012/1/31	16.5	23.6
2012/2/1	2012/2/10	16.3	23.8
2012/2/11	2012/2/20	17.5	25
2012/2/21	2012/2/29	18.8	23.6
2012/3/1	2012/3/10	20.9	26.7
2012/3/11	2012/3/20	19.1	25.9
2012/3/21	2012/3/31	18.9	26.3
2012/4/1	2012/4/10	19.7	26.5
2012/4/11	2012/4/20	22.5	27.1
2012/4/21	2012/4/30	22.9	28.3
2012/5/1	2012/5/10	23.9	28.9
2012/5/11	2012/5/20	24.6	29
2012/5/21	2012/5/31	24.7	28.8
2012/6/1	2012/6/10	26.2	30.4
2012/6/11	2012/6/20	26.8	31.5
2012/6/21	2012/6/30	27.8	31.6
2012/7/1	2012/7/10	28.7	33.1
2012/7/11	2012/7/20	29.2	33.3
2012/7/21	2012/7/31	29.4	32.7
2012/8/1	2012/8/10	28.3	32.2
2012/8/11	2012/8/20	29.2	32.9
2012/8/21	2012/8/31	28.2	31.9
2012/9/1	2012/9/10	28.2	32.1
2012/9/11	2012/9/20	26.8	31.6
2012/9/21	2012/9/30	26.6	30.2
2012/10/1	2012/10/10	25.4	29.4
2012/10/11	2012/10/20	24.9	28.7
2012/10/21	2012/10/31	23.7	28.1
2012/11/1	2012/11/10	21.6	26.8
2012/11/11	2012/11/20	20.7	24.7
2012/11/21	2012/11/30	20.6	25.1
2012/12/1	2012/12/10	18.3	23.6
2012/12/11	2012/12/20	19.1	25.7
2012/12/21	2012/12/31	18.2	24.3
2013/1/1	2013/1/10	17	23.7
2013/1/11	2013/1/20	16.9	22.6
2013/1/21	2013/1/31	16.9	23.8
2013/2/1	2013/2/10	19	25.2
2013/2/11	2013/2/20	18.5	24.3
2013/2/21	2013/2/28	18.3	23.2
2013/3/1	2013/3/10	19	26.2
2013/3/11	2013/3/20	21.1	26.3
2013/3/21	2013/3/31	21	27.8
2013/4/1	2013/4/10	19.4	25.8
2013/4/11	2013/4/20	20.6	26.8
2013/4/21	2013/4/30	21.7	27.5
2013/5/1	2013/5/10	22.1	26.5
2013/5/11	2013/5/20	23.7	28.4
2013/5/21	2013/5/31	25.3	30.5
2013/6/1	2013/6/10	26.5	32.2
2013/6/11	2013/6/20	28.2	32.2
2013/6/21	2013/6/30	29.1	32.4
2013/7/1	2013/7/10	29.8	34.7
2013/7/11	2013/7/20	28.8	33.4
2013/7/21	2013/7/31	29.4	33.9
2013/8/1	2013/8/10	30.4	34.8
2013/8/11	2013/8/20	29.3	34.1
2013/8/21	2013/8/31	29.2	33.2
2013/9/1	2013/9/10	28	32.5
2013/9/11	2013/9/20	29	33.6
2013/9/21	2013/9/30	27.8	31.4
2013/10/1	2013/10/10	27.1	30.8
2013/10/11	2013/10/20	25.4	30
2013/10/21	2013/10/31	23.7	27.4
2013/11/1	2013/11/10	24.4	28.5
2013/11/11	2013/11/20	20.4	25.2
2013/11/21	2013/11/30	18.9	24.3
2013/12/1	2013/12/10	18.6	23.6
2013/12/11	2013/12/20	18.3	23.4
2013/12/21	2013/12/31	15.4	20.6
2014/1/1	2014/1/10	17.2	23.5
2014/1/11	2014/1/20	16.2	22
2014/1/21	2014/1/31	17.1	23.3
2014/2/1	2014/2/10	18.6	24.1
2014/2/11	2014/2/20	16.9	23.1
2014/2/21	2014/2/28	18	23.2
2014/3/1	2014/3/10	17.5	24.7
2014/3/11	2014/3/20	18.1	24.9
2014/3/21	2014/3/31	19.6	26.1
2014/4/1	2014/4/10	19.1	24.1
2014/4/11	2014/4/20	22.2	26.7
2014/4/21	2014/4/30	21.3	27.2
2014/5/1	2014/5/10	21.7	26.6
2014/5/11	2014/5/20	24.9	29.4
2014/5/21	2014/5/31	24.1	30.1
2014/6/1	2014/6/10	25.3	30.5
2014/6/11	2014/6/20	26.6	32
2014/6/21	2014/6/30	28.8	32.5
2014/7/1	2014/7/10	29.3	33.9
2014/7/11	2014/7/20	29.1	32.5
2014/7/21	2014/7/31	29.6	33.5
2014/8/1	2014/8/10	28.9	32.3
2014/8/11	2014/8/20	28.5	32
2014/8/21	2014/8/31	28.8	33.1
2014/9/1	2014/9/10	28.7	33.3
2014/9/11	2014/9/20	29.3	33.1
2014/9/21	2014/9/30	28.5	32.5
2014/10/1	2014/10/10	26.9	32
2014/10/11	2014/10/20	24.5	28.6
2014/10/21	2014/10/31	25	29.8
2014/11/1	2014/11/10	23.3	28.4
2014/11/11	2014/11/20	21.4	25.2
2014/11/21	2014/11/30	23	27.5
2014/12/1	2014/12/10	18.5	24.6
2014/12/11	2014/12/20	17.3	22.5
2014/12/21	2014/12/31	17.1	23.7
2015/1/1	2015/1/10	16	22.3
2015/1/11	2015/1/20	16.8	21.7
2015/1/21	2015/1/31	17	23.5
2015/2/1	2015/2/10	14.9	19.6
2015/2/11	2015/2/20	16.2	22
2015/2/21	2015/2/28	20.1	25
2015/3/1	2015/3/10	17.3	23.7
2015/3/11	2015/3/20	19.7	25.3
2015/3/21	2015/3/31	19.9	25.5
2015/4/1	2015/4/10	23.4	28.8
2015/4/11	2015/4/20	21.3	27.9
2015/4/21	2015/4/30	22	26.7
2015/5/1	2015/5/10	23.6	29.4
2015/5/11	2015/5/20	25.9	30.3
2015/5/21	2015/5/31	25.1	30.5
2015/6/1	2015/6/10	27.5	31.5
2015/6/11	2015/6/20	29.1	32.2
2015/6/21	2015/6/30	29.5	32.5
2015/7/1	2015/7/10	29.7	33.8
2015/7/11	2015/7/20	28.1	31.9
2015/7/21	2015/7/31	29.1	33
2015/8/1	2015/8/10	28.9	32.8
2015/8/11	2015/8/20	28.8	32.8
2015/8/21	2015/8/31	28.3	32.1
2015/9/1	2015/9/10	28.1	31.6
2015/9/11	2015/9/20	27.2	31.2
2015/9/21	2015/9/30	28.2	32.6
2015/10/1	2015/10/10	26.5	32
2015/10/11	2015/10/20	25.3	29.6
2015/10/21	2015/10/31	24.8	29.5
2015/11/1	2015/11/10	24.6	29.7
2015/11/11	2015/11/20	24.7	29.8
2015/11/21	2015/11/30	22.2	27.6
2015/12/1	2015/12/10	21.3	26.9
2015/12/11	2015/12/20	19.4	24.2
2015/12/21	2015/12/31	19.5	26.5
2016/1/1	2016/1/10	19.2	26.6
2016/1/11	2016/1/20	17	21.9
2016/1/21	2016/1/31	16.1	25.5
2016/2/1	2016/2/10	15.7	21.7
2016/2/11	2016/2/20	17.9	25.9
2016/2/21	2016/2/29	17.1	22.4
2016/3/1	2016/3/10	18.9	24.8
2016/3/11	2016/3/20	19	24.6
2016/3/21	2016/3/31	18.3	24.4
2016/4/1	2016/4/10	22.7	28.4
2016/4/11	2016/4/20	22.2	27.8
2016/4/21	2016/4/30	24.3	28.7
2016/5/1	2016/5/10	25.5	31
2016/5/11	2016/5/20	24.2	29.8
2016/5/21	2016/5/31	27.2	31.1
2016/6/1	2016/6/10	27.1	31.7
2016/6/11	2016/6/20	28.3	32.6
2016/6/21	2016/6/30	29.8	33.1
2016/7/1	2016/7/10	29.7	33.6
2016/7/11	2016/7/20	30	32.8
2016/7/21	2016/7/31	29.7	33.5
2016/8/1	2016/8/10	29	33.9
2016/8/11	2016/8/20	30	33.5
2016/8/21	2016/8/31	29.6	33.5
2016/9/1	2016/9/10	28.2	32.8
2016/9/11	2016/9/20	28.7	32.1
2016/9/21	2016/9/30	28.3	32.3
2016/10/1	2016/10/10	28.2	31.7
2016/10/11	2016/10/20	27.6	31.2
2016/10/21	2016/10/31	27.3	31.6
2016/11/1	2016/11/10	23.5	28.2
2016/11/11	2016/11/20	24.4	29.9
2016/11/21	2016/11/30	21.8	27.2
2016/12/1	2016/12/10	21.7	28.2
2016/12/11	2016/12/20	20.3	25.8
2016/12/21	2016/12/31	19.7	26
2017/1/1	2017/1/10	20.9	25
2017/1/11	2017/1/20	17.5	22.9
2017/1/21	2017/1/31	17.1	24.5
2017/2/1	2017/2/10	17.1	23.8
2017/2/11	2017/2/20	16.9	24.3
2017/2/21	2017/2/28	17.3	23.2
2017/3/1	2017/3/10	16.7	23.8
2017/3/11	2017/3/20	19	24.6
2017/3/21	2017/3/31	19.3	25
2017/4/1	2017/4/10	20.9	27.1
2017/4/11	2017/4/20	22.4	26.9
2017/4/21	2017/4/30	21.7	27
2017/5/1	2017/5/10	24.1	29.6
2017/5/11	2017/5/20	23.9	29.7
2017/5/21	2017/5/31	24.4	28.7
2017/6/1	2017/6/10	26	31.3
2017/6/11	2017/6/20	25.3	31.4
2017/6/21	2017/6/30	28.6	33.2
2017/7/1	2017/7/10	29.2	32.9
2017/7/11	2017/7/20	30.1	35.1
2017/7/21	2017/7/31	30.3	35
2017/8/1	2017/8/10	30.7	34
2017/8/11	2017/8/20	30.5	34.9
2017/8/21	2017/8/31	30.2	34.8
2017/9/1	2017/9/10	29.8	33.9
2017/9/11	2017/9/20	28	33.7
2017/9/21	2017/9/30	28.9	32.3
2017/10/1	2017/10/10	28.4	33
2017/10/11	2017/10/20	28.2	32.1
2017/10/21	2017/10/31	24.7	28.8
2017/11/1	2017/11/10	24.2	27.9
2017/11/11	2017/11/20	22.2	26.2
2017/11/21	2017/11/30	21.9	27.1
2017/12/1	2017/12/10	18.8	23.1
2017/12/11	2017/12/20	17.4	22.9
2017/12/21	2017/12/31	17.9	25.5